-- phpMyAdmin SQL Dump
-- version 5.0.3
-- https://www.phpmyadmin.net/
--
-- Host: 127.0.0.1
-- Generation Time: Dec 22, 2021 at 01:34 AM
-- Server version: 10.4.14-MariaDB
-- PHP Version: 7.4.11

SET SQL_MODE = "NO_AUTO_VALUE_ON_ZERO";
START TRANSACTION;
SET time_zone = "+00:00";


/*!40101 SET @OLD_CHARACTER_SET_CLIENT=@@CHARACTER_SET_CLIENT */;
/*!40101 SET @OLD_CHARACTER_SET_RESULTS=@@CHARACTER_SET_RESULTS */;
/*!40101 SET @OLD_COLLATION_CONNECTION=@@COLLATION_CONNECTION */;
/*!40101 SET NAMES utf8mb4 */;

--
-- Database: `seaker`
--

-- --------------------------------------------------------

--
-- Table structure for table `animal`
--

CREATE TABLE `animal` (
  `id` int(10) UNSIGNED NOT NULL,
  `n_individuals` enum('1','2','3','4','5','6-10','10-20','25-50','50-100','+100') NOT NULL,
  `n_offspring` enum('0','1','2','3','4','5','6-10','10-20','25-50','50-100','+100') DEFAULT NULL,
  `sighting_report_id` int(10) UNSIGNED NOT NULL,
  `specie_id` int(10) UNSIGNED DEFAULT NULL
) ENGINE=InnoDB DEFAULT CHARSET=utf8;

--
-- Dumping data for table `animal`
--

INSERT INTO `animal` (`id`, `n_individuals`, `n_offspring`, `sighting_report_id`, `specie_id`) VALUES
(1, '6-10', '2', 1, 20),
(2, '10-20', '4', 1, 22),
(3, '4', '0', 2, 2),
(4, '6-10', '1', 2, 22),
(5, '3', '1', 3, 19),
(6, '5', '0', 4, 9),
(7, '25-50', '5', 5, 25);

-- --------------------------------------------------------

--
-- Table structure for table `animal_behavior`
--

CREATE TABLE `animal_behavior` (
  `id` int(10) UNSIGNED NOT NULL,
  `name` varchar(100) NOT NULL,
  `animal_id` int(10) UNSIGNED NOT NULL
) ENGINE=InnoDB DEFAULT CHARSET=utf8;

--
-- Dumping data for table `animal_behavior`
--

INSERT INTO `animal_behavior` (`id`, `name`, `animal_id`) VALUES
(1, 'Social Interaction', 1),
(2, 'Traveling', 1),
(3, 'Eating', 2),
(4, 'Resting', 3),
(5, 'Social Interaction ', 4),
(6, 'Traveling', 4),
(7, 'Traveling', 5),
(8, 'Social Interaction', 5),
(9, 'Eating', 6),
(10, 'Traveling', 7);

-- --------------------------------------------------------

--
-- Table structure for table `animal_reaction_to_vessel`
--

CREATE TABLE `animal_reaction_to_vessel` (
  `id` int(10) UNSIGNED NOT NULL,
  `name` varchar(100) NOT NULL,
  `animal_id` int(10) UNSIGNED NOT NULL
) ENGINE=InnoDB DEFAULT CHARSET=utf8;

--
-- Dumping data for table `animal_reaction_to_vessel`
--

INSERT INTO `animal_reaction_to_vessel` (`id`, `name`, `animal_id`) VALUES
(1, 'Approach', 1),
(2, 'None', 2),
(3, 'None', 3),
(4, 'Avoidance', 4),
(5, 'None', 5),
(6, 'Approach', 5),
(7, 'Avoidance', 6),
(8, 'None', 7);

-- --------------------------------------------------------

--
-- Table structure for table `animal_type`
--

CREATE TABLE `animal_type` (
  `id` int(10) UNSIGNED NOT NULL,
  `name` varchar(100) NOT NULL
) ENGINE=InnoDB DEFAULT CHARSET=utf8;

--
-- Dumping data for table `animal_type`
--

INSERT INTO `animal_type` (`id`, `name`) VALUES
(1, 'Dolphins'),
(2, 'Whales'),
(3, 'Porpoise');

-- --------------------------------------------------------

--
-- Table structure for table `boat`
--

CREATE TABLE `boat` (
  `id` int(10) UNSIGNED NOT NULL,
  `name` varchar(50) NOT NULL
) ENGINE=InnoDB DEFAULT CHARSET=utf8;

--
-- Dumping data for table `boat`
--

INSERT INTO `boat` (`id`, `name`) VALUES
(1, 'Seaborn Catamaran'),
(2, 'Sunset Catamaran'),
(3, 'Miranda Semi-Rigid Vessel'),
(4, 'Luna Semi-Rigid Vessel'),
(5, 'Prince Ali Iate');

-- --------------------------------------------------------

--
-- Table structure for table `person`
--

CREATE TABLE `person` (
  `id` int(10) UNSIGNED NOT NULL,
  `name` varchar(200) NOT NULL,
  `email` varchar(50) NOT NULL,
  `password` varchar(50) NOT NULL,
  `role` varchar(50) NOT NULL
) ENGINE=InnoDB DEFAULT CHARSET=utf8;

--
-- Dumping data for table `person`
--

INSERT INTO `person` (`id`, `name`, `email`, `password`, `role`) VALUES
(1, 'Davi José Torres Pinho', 'davi@gmail.com', 'davi', 'Administrator'),
(2, 'Luísa Nádia Moura de Figueiredo', 'luisafigueiredo@gmail.com', 'luisinha2000', 'CompanyManager'),
(3, 'Érika Costa Silva', 'erikalva@gmail.com', 'FreeWifi', 'TeamMember'),
(4, 'Lucas Eduardo Maia de Melo', 'lucasmelo@gmail.com', 'hfgdu22fih', 'TeamMember'),
(5, 'Diego da Silva Briceño', 'diego@gmail.com', 'ddd123', 'TeamMember'),
(6, 'José Gouveia Rodrigues', 'ze@gmail.com', 'zezeze', 'TeamMember'),
(7, 'Sílvia da Silva Fernandes', 'silvia@gmail.com', 'fernandes987', 'TeamMember');

-- --------------------------------------------------------

--
-- Table structure for table `photo`
--

CREATE TABLE `photo` (
  `id` int(10) UNSIGNED NOT NULL,
  `name` varchar(50) NOT NULL,
  `photo` blob NOT NULL,
  `sighting_report_id` int(10) UNSIGNED NOT NULL
) ENGINE=InnoDB DEFAULT CHARSET=utf8;

--
-- Dumping data for table `photo`
--

INSERT INTO `photo` (`id`, `name`, `photo`, `sighting_report_id`) VALUES
(1, '30687_31917_80737.jpg', 0xffd8ffe000104a46494600010100000100010000ffdb008400090607131312151413141614141718181818181818171a1b1718171c171718181a181b1d28201c1a251c171724312125292b2e2e2e171f3338332c37282d2e2b010a0a0a0e0d0e1a10101b342420242c2c2c2c2c2c2c2c2c2c2c2c2c2c2c2c2c2c2c2c2c2c2c2c2c2c2c2c2c2c2c2c2c2c2c2c2c2c2c2c2c2c2c2c2c2c2c2c2c2cffc000110800b7011303012200021101031101ffc4001b00000203010101000000000000000000000203010405000607ffc40043100001020304070506040406020301000001021100032104123141055161718191a11322b1c1d106324252e1f0146282922372a2f1154353b2c2d2338363e2f216ffc400190100030101010000000000000000000000000102030405ffc4002b110002020103030205050100000000000000010211031221311341512261041491a1f03252b1d1f142ffda000c03010002110311003f00f6926d08bce664b64d528b80166aa52e313e222c59a74b212925249248bc0037416ab66d93460592cc95292105dbde207741c5924e26b1a9374c141b894ca3515a1a2981ce9515dd1bb8a6c519bab607e3137bf873152d2a2545bb30c1b004571f1df116cb5cc9642c924148c4848ba0b35d0ee6a6a35ef8ac9b4cb4b5f4a12ca2087577ab5665167ad5b38c99f6acd240ca9424004e0313b7646918db33964a36645bdaf04cd96abc545949514a4312405bd3d77c5ab15b9049407baf8825414732481bab846049d2f74329d757cc31d5156d56fbe495967c934c300dc61bc4df284b328f0cf4f6bd2166729352031175f0caf28509df15ccab294b89aa941af0179daa1380cde3cba89398e7e2f12998b04303bfc62d62ae199f5dbe51e99736e2d2d33b44d3bce581718d699c69cfb2a03a87754b49bc5f1ad4d4e193d308f232ad4a66bab5a504a855c051c54436148d244f92b96a500b252ce1d01ef774338d64988945a34592cd2936420057e2aed58235dd6a0015b7a45e97a61ef77a836972c49f221a3ca4bd1368981532e83810ea4852830660f5a088d1d619b308f8524805448a3d03877cf543708b4edd93ae57b20482e52140077043fa38c754325db4208be14bc281452c5f3a569e30bb66899b2eb35243864a9c54e4e2a46e2d1b7ecdfb3f2572d6b9c546ea98806e8621dc9e3b22db8c55bdcce3195ec158ada99d7eb75296042800f79c0ab963488eca65e503315288ba1215703de2a600a54d88319fed1e85fc3aaf20ff000d44dc378646afc1abb633556c5b95294eaf9955389c0f18958d4b789abcad6d23d149ed44dece6a1e85d21093b016030a3c66dba53cd5012fb300b81700eee00e0f94569b6f524a557d6e521c924deabe34cc6dc22de8fb5d9d4419a94a559148619b5e6cf0141be0d2e3eaafa06bd7b37f51933454cb9de9240c6f776a00a9d6cd09b76875cb485017b5fbb4e4a2e36b46bad5296f344d5862135008500920b0a5000cefd60156896a494855e74e2e1c063931ad2214e7d8a9638b3cca52b188046e73ca36264e4a508290837aa592525247c2fab7ea8749d1b29576e4e49bc7e205241c816043bc4e90b35d5a5372adf0a9ca87cccdac75c22e52dd5a328c693a60a4a962e9ee967aa81db51cb542a55b7bb72f2c01804867de09061e94a52ec9374621684b1bb85486cfac33484eec4a1d0942b1bb7988c8641a8dca26ef635adafc09b2a090abc1413912904939076a6e787a672ae872302e1a80bb86388ca16b5049ace42f0a2701b701f2b7089909132f252a0580258e44814e5155dd893ec852ee4d255326a9ca817baf4abd33af8c59d1289ecbec561929248228c756d789b6686b825aaf77565806a876dcf8c5ed152d32bb40a5a596803100805892cfb614a51d3b0941eadcf30749ad4485ad65c971788725de91b1a3d2b29ba94ac3d6ae431198231dbb043743e87977c13780ef5dc030decefc738d3d2d6f4d9e5a6ea8921432bf910ea51d6fbf0d71339a6ea28bc7071ddb33d7daa09b92d94bcca4034c40524b0141cb5c635bad2a13092e952e8a4ac82a09212c1cb96638bf846a4bf68674d2a1285e487142138961438b87e70db5aa55d54cb44bfe2852537680974a4a55ef35d03ca147d2f7412f52d999485c800012cfbcee56ee18272a62e7946c592d6532544de56499656c12f5bcd9b1f0319b689f6597292b42d649a5d01208620152b314259b545297a56b52e80a749512540124b3023ecc549392e051715b59666e99b4026f4b412e5fb8b3e148e899d6b90544b056ded2687e00334742525fb7ec538eff00abee66daf4b920265854a43335e241c07ac549d6d590d7a8283234622a318b72a54a5265de07de37883f0ea156bd013e4a6a2595766f4493c2a6358d2da8c1c64f7b29de0acf7e3cdce70d120806ea0918b904f238347045c2140e18638e5b61f3b4e9c3524d4a9441268e05e678aa97fc82825fa8cfb8e43e3e31336ed28db5f18576e035d17b983836b8036d01c140a3eba65918d344acc781e943b625c801b13b3c635a5cb972cba91354a1509a5da62e46548c8b2e91baa4a92c0a70a9c4eafa345fb66932a29aa8b24851c5c9cf953846738cb835c6e31567a2b0d8d48758090540902f1249014135a62a380396a864c74a5d694de0b64b807ba48a333552e35f18c01a7e65d4a58000302dc454ed2f0eb6fb46a98d4ba287172e2b8ef8c1c276747531d1369933e591fc44804301799850317001a3436d332d0014766bed10b0a0a49a5030c031c883176cda465cf05265b801cfba0b0230375f103ecc569f364cb5864cc7a11de516c866c4f0cf84172eeb707183dd3dbf3d8cab46939cb24ac9ad0a6a12e19a8299468d934d1459e6253f10178a88f7892030c486119969b512b555d254ec7900c331112d12c256e59ae94a5cf79e877379468e9add18a953d99a9334d99c80262525292e00a00280f0358cc4c94ab051dd8b7170f9e5176ca255d20282901694dd34bc17ef2ea69769ce05e4a496ab2d43ba01170017141e8e4d37409a5c21b8a695b33ed367086c4b93b2a186b8559a4159eea16ace809666ad06151ce2fa6d282b4829a52f36b2ce03e157e913366f752569ef256aef170d758b6a77d91a293e0cf4aec4c9d23352e8ef0969bc9bacc5cb820d31a981b44d4a8859431c3ba529146c82407ac11d36a4a02012ccd7892790ddd4c295255740651a9c12a56a1903aa084572d09c9b34b454d4a40294f7af2aaaef7ba010c0d054ea8bfa5f4a1966f14a4b1baf5721b7ed8c3b32e6219904877343f15235f49481352950041c6eaa993114a8dfeb19e4d36690525ba33b486994cf4b5d08b95510a0ea180cab56d714d20cc50ee959a7cc4967a532cf844690480b670f4bc00a03880158938630eb15f55425d29c45e09d400049c73871492d8993b90dec82982a4f66487bff00c4480002d438b918be74c20913152925485a70a86c43bea82b4a6d3d885196832d98282924f78a8d012ef8e030118f32de48bae7dd66db151df61b75c9ea8e96a252a9895049cd180a60c31a0e50fb669490a29bad4a55243541a32760e20479ed1f3a64d532500e6700c1ea4f38d242c2260494a0e20de04838336119f4e2d9a2cbb1e8f44dbe5ad532e97bcdf090ce699563cfd97475d96a0b51752682f5dc43e0fac271d98346fd9909a2e5a038f7c2592cc7f310f4731e734be9ca2908007e624655a26bb9cc614f5544d93825721a7478972410f7cdd7482e1409525d86347aec8397a01048752c39c294209c88aea6db18536d5354412f40c0b1c1f66d86cb54f531a8c6a0a5f5655cc46b4d2dd98a7a9d245fb5cb12d490b4a2e2a8084b541a3b00c4d1ea77c45a2ca8bab294a5c0531482aaa01c01a104ec8ad3a58514a56b5176092a0a0c680e29d5ab646ad9ec4b97dd4ad68635a8d54c0fdbc254b72dea7e9fe86d9264b4cb40559e513712495203924025f9c7444e494a8a556950502c41bd431309e97bff0062d2d7e23caf6665ea677203509d9abef3835a0ad14a7789d9f6f0e55949c4f225b9340aec8b660b03586ebb23b1639183c91f22172081e315d72afd0a4eda13c69174d8a630fe201b874894d854cd7f565abce2d42489ea459e6e68ba48e10b0718db9da0d44937c39ad4185ff802be74f231ba306cc9bd176c400ef1fbcfd22d0f67d5fea27918727427748be1ce6c69c2264ad50e324985dd7a50362c3089423173bb0a982b268a287efbf034eb1665d89b30eeee4134d4cf1cf2c4cdfa917c99c855d560f5a8c1fe85e356d5ed100a71674219ab42ead7de18b4297a3c6b068d51af8c553a294e3f88e96c087a6f84b0df284b228f0cd0d1225ad666164a94959019c0604fba45d63192a920a83dd0fdd352dd636a4f745d42500330a1240219557cfce2adaac0951706eecc5c6dce12c52b1ca70696e2f46d9e5de299ab284e3dd0f88a9a18b49fc09058cd18d4aa8f952ed43b40cbb380e1dc10ccdcfce108d188140a275b807933427864fc8b5c52554512a09342faa2e0d20a5b216a4ac28b3902f0bc58b1d70f936140c4056f7f587da65214dfc39618b82029df7bc5687e014e2bb90ab34a4ad69421d29530bd5c007aeabcf1a2922bddc870a3d356115a44f525c012d8926a924d4938bede821aab7a886696dfca766dd9d4c652c391f6368e5c6bbfd862ed8b0c90033543020b31c0ed8efc79bc9bc120294907014a3eec62bceb42946b70638248c71c0c29290ee425469ef0259883473b1b7130ba12f02eb47c8c36d13095240405124241c3dd1e58c2c8bfdd7afa5ef584fe183934aec2c3707a44aacc360dac4ffc9a34e9c97089ea47bb3651605a5379c32937087554528d860f1e7e758d0199d271387de7d23466ac299d29618048501800ed799e98c257290411746fef53ac4c71e45ca2a5920d0ad177d130264ac549004cabb9a02c37728d916369b312b02f1baca7a0f78ccc36b0e319684948649bb4fcd882eee143eda1ab9e758de6f13b7e286f1cdb254e1426426792428cc42140fbc0804b2b17a2bdd03888cf9fa314b51997552d24e374a839c4774b35446b4db5a94189040c33f131167b6cd97ee4c6a7ca93b61ac7939485af1f0cca9725057d99512a090e0258970086af3a46c59bd9f5a8194b5cc4a48bd548bae0d03b96673a9f652326dfa384c99da76ab2a50054598de600d5f665ae147461ff0050f27eb7a29e19496ce85d58a7c1e8ae20225a4a6f094558675254e1e8583071478648b6218905084a8d1210524004b023338d5a3ce9d1a1def743ff00681ff0b4d2a3f6eefcdf6f0be598fac8b96eb55a17316aee5544e0a8e8a7fe108fb1f58e8a585aff0009ea20bb556d803395b60c493b7ca226a487ae3f7aa3d0d8e3004f2f9f282138b67cbe9132d04e0a3d041dd2edf5f28360204d3b600cd3afa41a251bd8f3fed05757a836f85b00a134fd5be913dbc3fb33b3c613312a4e0a48fe63f660b40419bbe090b275bf088bcbc8a0ec24fa186a0bd090fb3ffcc000768751e4222f2b6f2875c5361e30a5cb56a481f7ae1002672b51e511daab51fdb06941189a6d220c063bf743017db6f83130c42a51ad09d50a486a10c38fa4003bb668e1349c3cbd20508cc02df7b5a052f5a1e60f9c1b00ded4fdff006814ce56a6e0205b61e03eb1c1235287130b6018271dbd2384e57d910089a9d75e4794126778fe6f4ac14324cf50c01e913db2f51e91c263d2bc8fa79c097d63a7485404f68bd5e0de11c672b50814a890e140ef881308dbb47f680031683aa20ce3abca042e9872af58e28270eb8c1b013db16c3c239530ea313d39c419475f3fac3d80e133618e54cd87ac409675787ac725fec18002ed06a31c55b3c6179b780306cad5e7e1001c374742cacede5f589800b6998914a740f1ca5fe51c14d0c506c12ae63eb048981b3ebe9103108ef24d3ce00ca00529fca91e90d5b1add513ae9eb0f1861e07c21dd051592a614727686eb74c42505ea49d80fa343142bee13c13e6620a5b0491b80f5800909718f5ac0821ab86d220ca68edce9d5a14a900d6e83abdd3e30840a2e64a1cfc2ad0e0139f5814d907ca46e23c1e1e99200ef1e6040da1a4c4aca7221f88f28e59dfc32e61e1ab969f941e1871688483f0a51f7b84161457138604743e2d07da8d44ee21bc44311354e6f01c1de1977267de479082c0a8e91910fb079181ba0615da027af78343972539a7885186800605b797f3835051590ad87fa5fa29a18127f30e00c3d8e2e388f378833939a80e22158515c903dec7ef9414cae048e7e3761a1b10a1cdfa926042b6a071782c285a430c55c453c1e054a4ea51dc95bf83758909ab85278249f0316e51a62fb87a981b1a45154b4ac53b44b6a71ceb1c8b2b0aa94753bfd445b3fa870fa34032b352b7dd1e90585089a8430ef36c0c3a96899525391a6f57ab4119ed4378fe8f43e5069b803948fdb5f0876c2885c8767037fa42fb319e1b0b45a425388239379472c1d63957c625487456a6dfbd912d4d5d7ce084bc4b3f383960ea0391e90ec542908afd479c4cc1f901de43432830a73f310646aea20d41421297c83ea348128e077f9e3162ed3ea440250063cf13d49835050bb807cdccfac74583bcf48e89d455122f3d486dc4757852e6107007f50f389edd2d8b6e1eb018fc448dc3d629220809ae2a1b886e50d4a88a57a3f48859fcedfb7cc47241f989e09f486c64cc5280a287def50804cc59c4023585107cfc608cb2712ae2079411c336d80c2b4142532d64fbeb1b0dd23fdb0625ab320f0af8c15dfe61d3ce2152539de7e1ebb616a0d27290ac97c00fac0768599d5bc24f8bc1a64005c57713e6a861486af5682d05145722603ef9e64f424c31320b6278bfac3c253afa903d20c17c0f5787ac3494ff000603aaf1ddde27fdd112d409a7681b1c523a98b1de7c69b87ac04e4ab350fdaa3ff286a40d06e9383f34c77632f1294a8ed03c5a024a3537def1072d4d894b6a03ce1300d2509c29ce21533570649220f1c20265dd83ce246282b22c77823ca2152a94246efa261e25a1bdd10606c683520a132dc7c6ae48ff00abc4cc52732ae17bfb43149fb63e0203b61bf753a180602648c5d7cc9fac3c246a3c6173145b027638852d6f8a0fee1eb06ec06cc436040df5f310ba0f8523703e0de7068291800fbc1f387058d705d05151570e2aaef50e8550c92c47bc0ee7f58e36a49f8875fa4310a0cee0eefef0ef6156e74b49fad7ce226255afab7918e52bed9e3827679448c5849cc0fdc0f888353e5e3099c1940101cbb7797933e098e5a9268ecdb0f98869d89a08ad5f2f51ea23912c6ce24fa910a54d0fef5ed9ddf310e168d8a7fe5f48a77d85b0c00e40733e9110836a3a97fb0fac742a6319dacd63fc30e352a85ab8b6fca2b5f9a7142c6e59a16c3ddda23774539606a1dda94da2bb4c68596c0c48ba54aa976212c188ae6e7ce317994763558f51e6d32e66252a1fa9e3a6cc604905807243e51eae559985435286afafd632ed92521c2a94cc54ec89f982ba2632645def57587508b32d673039c44bb3b3852ef56947ba3207ae10014914273fbca348cf5a2250d2c6a413ebf660e6588be00ecba096d661d63960905f314d637fde31a09b3d68050d358dfaf84672c94ca8c2cc7b8125800fa886c3644cf94400a0a2417c835318f6164d1b2c81dd627177e7b633f4a684a50803bc7639c0f4c2338fc445ca8a789d1e44af6f8bf430494ac8eeb1cebaa27b0aff00e4553104a4f96c8f4decee8d2b4b9629a6d7a38f18e8c99541599461a9d1e5adb6658965484a54b047775eb01b02d9ec8c9976e9aa7284a50949652e6294a036324e3ba3d6e9498999397291dd427b8a5e40fc4037c4e48e119769d19293dc945d2300327c4eb2ada639bab926fd3c1bf4f1c17a8a4996a5072487fccb4f9d21b2ef23e22a1a832ba92f17132e8edb3ec444c93b03eba74a476a976395aee2136924d10a1bc01069984e2143918212c8cfa43908a0c7effbc0da40932badf59e00f9318e41236feef3787cd2055cb97a01aa117b580204ec74384d1adba4028a5eace70c32c5ab15d6ad41f6bfa11146d9266949ba9720b825669b43935889c9415d9508b93a366fd3e8616a99bcec6fa46468bb4a96ab852a4280ade5a9b787063543397a914bd8f2823384b861284a3ca21491420a81d4129f34c312b564fc69e5068035f18932f63f010ec542d6b23fbc539b79788967f5287818d0912d4a2c02b83459ec824d4391a987dfd2139a43d3667d8eca7fb2a611e303a414b4a4766028eb2a66dc1ea78c3e65b09a24048cfeb0b77c48e503b7c8b6479e36898b5b83df967dd20b568436e8d99136f8bcc527022be4d485db345cb98a4a96fdd766eee3adab1d64b20945574950535090e19fd7a44638ca32e6d17394651e372c295f95ff00501e2621cede15f05448b457dd2397ac48502731f7ac46e63428cd1abab7468e871bba8f21e91d06a0a3d268194eaa114ae7b9f6ed8f588921296eb1e5b41ce91253796b0560174a2f29b666ecfe11a13fda89619a5cc5138502773de2184793954a52d8f421491da6ede9978073f7f74d71e3e75ac289775b9d60ea6353ba19a5adfda395a509528b00a5f786aa03f6c63225690b9509944d7596c06adf1d58a1a5194ddb3548fc86985d66db07303558aa956033d6f854456b3fb593d2e152e5b60d705050b572c3945a97ed6cbf8ecd7b5b84005f604c37d4f02f49a161b2926f5580a10431d58b52356c5283b1507c5817e34118f66f6d6cc87bb67b8f880055b708aba4fda34cd53c92b43e3ef370c81db1938e493dd514a505c1ee2ce8203a882daa9e31474ae939770853905c35376bc23c4cbf69e625af5c5b6b06be956ac5897edca1d8d965eb7bc1836a07d627e5e69dd58fab1aa31ed1211789bd89a1a3f510685b0a2c9fdb1b07da8b22c5d5d9104163409c77e584509f36c4aaa654d417c0292475ab477472cb871fe0e67057765462a22acfbb3d758ded03a12f953f03740634ac67e8ab14b529917850e3b6f541cb13d23e81a02c372500a02f67bf5d708c3e233e9548d3162b76625ab4480ec9a5186ecdf8c63db6c6a40bcc9f0a5302f5e91f409b236479ad2e03ba924a05369ae2350f268e68666f646ef1aee79fb3d8896a00fbcc6d8d1bdcda41071fbfed17f475903bdda65f7aa35fb0a6c873cefb89625d8f1f374395634ca9b3ef2854bd03314594a648fbab671ecd166189ca3234b6924a1450398381d50bab29ba43d2a3b987a4f464b48097200ab86c5b5354ef8c692a5a14e02548d46878d48e5166d36b98a2f887d95e6632e7ce9952c46aa2ab8ea38c74c7126bd464f235c172d56a98524a25a02b55e269d008c8122d394c4a5cb90c0f53587d98da97ee48591fcac3815345aece752f4a67a5435756d8da18e117b194b24e4b722c93e724328cb2599ca3a92f5e0d0dede72892a9896a504b40e01875a98d0b1e889b31d9284b620aebe0d0e95ecfcf3f0a5ff9c783c273c5de812998f2e64e4d04e9bb6a00e40002056e5de62c9fe62fcc18b9a42419007685209c45f0e3787f078c69ba610f44295fcaeaf0a45c74bdd132d4b92c4c5a9fdf591facf8c294b50f8b98ff00eb15bfc4d27fc9995d8479c2ce9157c3208de567ca354bd8ced8f54c984d547853c22c59c362a77d6a2fe119c3494d384ae87ccc18b4da09a4a481fc87d60d2166b2149381eb12b5eaaf2f38ce4aed031084ee48f38720cc6aa8f0b83d60a0b1a4afe5f08e81055afa98e800c645a26b309eb15c126e5784404aabdf98490c5d492fd22e1b26d59dcdeb162cf6741c50ae25a2aa3e014994a5c9381537feb49dfeec3e5db2e122fa1d838b8413a9d951a3d9a3e540dee7c4c42502ac5b753ca25c53e515a9a2b2b49cca502f7a0906afe9ca3411ed04c22efe1e5901ab861e7bde124815131b8fd2250a51d6777f78978a0fb0fa92f23e5e9502b32cb2d43f2e3e276c599da42cab480991350a04552105c3d6aa52633ccada7750f9c4fe112621e280d649166d26c4cf726150f9ae246ca768f19f3a7ca664d9d636f6a8af01b2186c52c50308efc1a3598a8e38aeec4e726519fa5403dc9225b7ccb2a7dec40895e949b8832c9a51210d97ccfaa2d8b34ad911d8b7ba12db123d62f4c3c12dc8b5a374eda6590459e5aa99a95b1cb39ad1df698f61a33da898b159094d6a3b42797763c40c689276dd488b495b64a8e7c9f0f0976fe4d619a4bb9eb74afb473aeff0d094eb2558eea537d63cf48d2b30165a6f9f98a8b00cc07bb863bc9d914956824605b7b7fc62ba8b9ade3ffb08f3898fc2c5229e76d9ece47b428018de0c3e5253865ae188f6a90e014a8eb374819ef263c3a09cd86f59316d169097ef75a70a427f0900f9867b49bed44909f726a8ea082dce3cbe909a66acad48294e409bb5ab396fb78a074a0028b1c56de5085e9041c66a46e53ffc61c3e19478079dbe46cf9a7009406fccfd616178f7138fcc473eee31c2db2d584c7e260569070af18d7419eb0504e0e8d8c098b376f624f02af58aa659d9f7c224297914f2262f4916584c902a14be67ce098e4e779fa455bcbffe3fdb13f8ebb42dc95e90696168b1d88f9440aa656a0f01f58145adf004f0220fb451c80de20a60da07b349c99f581e911f844fca0fdee83528e6dcda14a1ad20ee2f05b16c33f0c90281b898529b3530de601731b0944e7f08e35842a4a9584b03f58f01486afb831c664a18af9123c0c40d212be67ebe31466d8661f81203ec2fe91566e8324b91bae30f1786d7b8d1a7fe3167d9d3d63a3391614a431412dad64741300e91d0b4bfc63b467234acc1fe61fdc608e9b9bfea7af8c5d12527de455f1abf2a0e62211a3a5924b167c1c60f46377545dfb0a9140e9d9df39df581569eb47cd4dd1b69b1c9480d24ad5acacf84350b099a95cbb3ca4dd6c70e209aeb82df80a479e4e9d9e73e422fc845b961d32a7a86c4162faa95e11e8bff00e8e797042169c6eb101f703c634247b633c6294506012776223394b2768fdca4a1dd9e48d92d690ea94a4e4ca294abf695057482988b55cbe64cc08701cb8a9c3e270f1eccfb6934a4b4b2951cd29c3f718a2af696d779ef4d2351284e3ac878853caf9486e38fc9e610ab4bb764bfeaab6aa54ec1176558ad44389335ab930d79a63495ed54f2196ee33ed17e21a1568f68661f85237859238bef8bbc9e087a0a137b7145495a4ed0478a605138e696db431b12bdb49e9012108235b2897de4980b67b616a5a6e9501fa40e34c7761486a597f6fdc1e8f2fe86606556f3ecab7430db808a9ea3ccc523695920a99475e1e9ce2cf6c3e55f02af078d7722d0d4cb638f444584da5be21c48f48a22d09c188de018297694ebfe9fa426865c4cc49c4cb3b1bd60d62537b83953c0c5642c7ce07e91117506a548dff6615058e13e50c129e055e4985aadf246374733085d924abde502362984573a3ecc3e248de7d60a416cd3976d9246293f7aa0a5cd96f88d8ee3c628a3464838149e20c3e5d9909a023f711d0084d27dc766926b81a6c8972deb48a69a3e0fbfd6254a99a872f3062348f51614a3f6e62baed4a1f0ab91f1882544fba4eebd02c7e43ccf9c3490ad822d738fc2dbdfc5a3956d98314a47ea3e90d2b3f22f98815a95a95ccfac3a5e02d8916a9d92475f5811367fca81beb06b50cc7327eb1c898915a3ec1eb154bc1364054cce5cb3b9c43d1348ff002b937ac00b62733d01f089fc727207f69f4896bd8ab2c89a33491c216bd8107c7c2011697c94db8b78430d7e11c690aa877626f2b52398f48e8232f623998987685471b20d83ef6c4f6281891c5a1099976977953abc0aa6ace08278bf9c35162b459bc13831dc0c02ad4335246f07c22b29330fc091cc79c0a64138a13cfd62b4a0b1d3349a07c68275bb74ac72349a70bc8e67d216ab020e32fd22068a4654fbd90aa216cb02d2b3814ab7185ac4c3911b9e20e8f2303e2615d94c4e07c07898692ec27601965dcdfde639339a84afa412e6ce18a5c71f230a36949f7d0a1bbea22843bf1b2f3983979c0aed72c8ff00c8791f310952649cba0f281ec657ca4701e90505962fa4e0b07f408b12bb31f125f88e8f19a6ca8392fef840fe164665438c0d0ecd912d0451639830b54927dd527a79c66cb912722dcfd22e4b9232af3f38541630d9978de05b6279610d44d50154bee47a4208fcbfd43d6192e67e41c6b0a8635247c52ffa6255d9fcbd0424ce2304a7a8af28155af5b03fcc079c2a61658174542481fca0f9c495efe403c5033df04a4fea06204f9eddd094f0730690b34831cbfda625203fba41d6c4750233502d1f30dcc07941144dcc1e047a44e9f70b34ee038f9798883286df0f08a7292bceff00ded83ed48d63794fac4d35dcab18bb325f157ee3eb1c99490685478fd63933de8e3f73983be75f8c3dc5b1259aa0ee685a528ff4c0de91f58ebe7251fd8a8e0e2a54ae40793c218da6ce110a97bcf1f46814cd1afa98e54e1b4f3854c2d1ca9031af33eb1050d83f8428da87cbfd5e50a5daa61c1040cbec98aa906c5b2fad5ce3a32ff1b3be45721ff68e87a585a2cc9b5001ca89e1f5868b7022841e07ce3a3a34d288b61a263d5c0e1041675f4888e84d0ece4dec95cc7d601d5f387dc63a3a10c94cc3850f13e6f0d095ebf0f48e8e896c112ca387df4819890dde14e044447424f70656559e5ab0420f06f285ab468c90c362be91d1d176c4426c2063787106189908c89e43cc44c743b614313292759e43c238d9659a1079fd63a3a25b634824d8e58c8f330664235753e9111d136c7483ec13807e661805199da263a26d8e915c9483ee5787ac42a6e45386e898e8b2451b526aefc2265cf1acf4f4898e87a50ad8b5da80f4fec22533df096ffb479bc74740e281318a4acff9696da49814c9506ee4be048f28e8e8cdca8b4862acee2a91c1bd04293614fcbf7ce3a3a129ba1b8a0c58d1983ce17374703813ce223a0d6c34a0458d29c493c4fac194253afef8c7474689b64b4910270fcdd3d6223a3a2b493a8fffd9, 1);
INSERT INTO `photo` (`id`, `name`, `photo`, `sighting_report_id`) VALUES
(3, 'golfinhos_destaque.jpg', 0xffd8ffe000104a46494600010100000100010000ffdb0084000604040705070b06060b0e0a080a0e110e0e0e0e1116131313131316110c0c0c0c0c0c110c0c0c0c0c0c0c0c0c0c0c0c0c0c0c0c0c0c0c0c0c0c0c0c0c0c0c0c01070909130c1322131322140e0e0e14140e0e0e0e14110c0c0c0c0c11110c0c0c0c0c0c110c0c0c0c0c0c0c0c0c0c0c0c0c0c0c0c0c0c0c0c0c0c0c0c0c0c0c0cffc20011080346064003011100021101031101ffc4003300000203010101000000000000000000000304010205060007010101010101010100000000000000000001000203040506ffda000c03010002100310000000fa17afcfb5c7a173aa292c82b439eb3b783e7a29b36b96b2fa73f26376e22d66c33235b55aaa93172a5a9992861b9f0cb566c45cb251acbfc7b79c9858e3db03d3e6aeb55a1ef951c5cd4ccc444c973d2728f59be4ab171a5bae6d9643579ec31766f1bc4f472b1b9ad4e7bb676430df3ed9dd798cab1d571dabaa0d29be4a58cee994ba972a2eb72d3e6fa0e5b5eb9debcf578742162f6c3c589d31bdcf5b58df23d792c9bdcdc7dd16b3b78d7e5d13d2875cadd006bcb351333541ecf15c4b8dc455249be7d0d9d14598cbde74f976c8ebcd7df1b6531abe74d9a20f49c7ae1f4e5a18408aedcdd6086d9c8371b1cbbe89ae5bd1c57d82286b46bf1dac657d0de7a74bc77a6bf3fefcbd04943a554ad89b44cf464cef63496f18fac6af0e9b3cb5bd9de06f389db8e66b2f1d74f9f5d3e7d29678ef4f972fd1c4d8e9d0797d4eb80421a6a45b597d39ef60e7bb73d1e1b1e9c6f4724bbf27f96b4f8edbcf6ccd62945b271ada4a09950ebcf4b8f6eb7a65ee5d41736b1d02993d79319d2bacb56f3fa7113338d2bbc0758b4b79e80aa6b1096353561b044ccd522cc341a98733a8e7d74f1b64ca0e5ecebd442c7eb86cde7ea4b79ac0f58b898ddc85ac8dcec72ea7e7b475cca29f4cee73df3bdb95843ac932972c388d10e89974396cf6b479746288e725cece3a50737796caa1cdf7e6a6f9ca741c7be075c5c3b6f2fa32779f6b9933b9cf41ef9f3fd309f4cecf1e9af8e94b3cdf4e2fdb6b3d31fb70673ad5c2d8e2a6574cbd9e8d411ce66b0d9d2470b7cbd414074e6e71ed6957a62a65de7db3faf1b8775e6ed83d05e54de733af0bd69f3e8f63a23ab6f8f5a6f8e36c47af3a8bfcba1b3ad0e5d75b9b1ab4430778cbeb99345d59e9e6b60921eb528df2ddc54e991b48adbe5abcecfda0d73eaf8fa836338c56d69a6973eb8a9a6e7266ba270ba6f709097cb9fdf2a3d5479380335e543a61cb2b74c626f5bfe5eba21a274e63af1d7c754ba72c6e994f46c71de8e6425fe7df17af0477cfa4e5d2e6bd8dea63ae77b3c3a5cba627a381b3ad0e5d97e9cc84a74cf873fa63cd548867968f9e9d879bb739db9647a384d5cd0d899d79cc948d5cfaae2534ce18cb76d8e5ac1e8459d7e5df1f58074c4d192294d559aadaad0d637672aeb1d2f9bb2dd32b6f185db9d574fcfd0a745de61de4490db5c3b6972eda8673dc723eae4977e44cdbfe4ed3cf6cd14de27a3901ac9abcbabfcb4aeb389d786cf2eda58ef9dd381eb1ba162d4e7d5fc0a6ac7e9c75b1db5396cf1cd76e54b5bd8d62ef0e73d2c9bdcd374cc494b9bdf2c9d8ce774b6d670cb61ea1a68e756634e6d9132bd7929bc2bd31b1c3be9730d9d6b72df29df929df3b9e6ed9d603aa9a8f88f6bb6e1d3534f05d79d459cbaf8ebca76f3a9a2cea62fcf7b98d6a99e6f66574cdad932d181ac14d5684e07a22c48e973ea172be878cedf3df1ddcd0cd5705c6b6b1d75f1ad0cef37591676e6663a73c272b362eb1bf8ec082dbab54ce5f469be1d179fd0f1b72e7872f8accb264bcd6ef9d6c9a7cf797677f1b26779fd4e4dc74dc5d3b4e23e6b9bedc835cf7abce7ceba2e1d6e2b373bebf3b3cf653504fe1c4eb8a248ea7356d613eb89af48dbd461d6e1d671b671d47be5a18df3fd7cf2bb1cfa4e64dca7b80915e59913916f30e6c6a2b471ba43bcf59ee5aa16ad9e5d5384fa673fbf12e82e3519dea72d6af2e84114cd8cde98e7fb62c6a8cbf4c03a73074c1f9bb7e7ed19e81d63aef3f6c5d662d68e4f6a365f506893a3931341475cb2b461ef9eef3e9adcf63d0ab67b970d2a83a2397b1d331313b70575806f1556b96fd1b79e876c9de7a1e1db9fedcb479eb9dedcf4b8f5d7739edd171ef93d39739df8bfc761b407073a5b29b1428b627d31151aa21de796b28952d3a18d8ccf4675e57a70d1f1f753bf2f6f2a59aeeb9d85b25af856e99575c0b8e9620ef25c687ac8f59679f5671db27d3e426344c2d67af5dc36a4a1ac37199d33b3cba6ad73f6378ebd0da3d60d666b2d65651883263da7b2519c1926d799ce9d7228ccb6af5e59799170de371d0670a70ff003d0b47618efa734df34758e67d5c333b60b9a04d9d51cbd9d171bcbebcf5f97425a5817553af11b8631dcd8e8b75f29cd69f3e96c9174770f3fd78560a6b4b3d8e195d382acd72d59d452bd09cc2d62174f9f4437906f109e15f78739efd1adc7ab58ed6b197d314de5ac3bdcfa73dd0e978ed47255d1e5bccd656d999d38676f21d55521bad4cbd8e9aae3478ef4737ab9fad0d657a48ba1c6b0379c4e9cb439f54f7cc6249ddc77d20a3878df1dbe1d15ac75cad606e76797626775447a61de7bd00dbceb90e98ccd726b4e2ef109d879fbe9e6c1de37f1d39ade9939f55cf7f3cf570ee3cfeae61e2868a99a3ab95ad448775a6f96b22d170840e8075c13399ce61d6bf0eba19ea679fb8f5c8edcf3bbf1933bb9dfa9394ed54d8759861395f7c56d86c5e89342d661ac2cf2d9f9eebaa3ae58e5d85a81ae2ff003d93a64dcba6ce37e799171b3bd4305b45cf46935334ef9f27bf4831d37cf26dd739a93e7d1dc1bdb95d612366959e3cee85b6616b05e7a367aded63f4f266fa3958b539ed9e7bbe772e593b2ff53c50e4d8db9cfa3fc75a7cfa90c318eb4de6a4d65a221a72ba724f6395a5c7a0e14d613de04e7aaf37a6215d57742b29b8874874e6ee1d7e5d02e514c7f4f3631ab0e9e3599ae7369de7d42e03bcdb7532c390e931759e7eb95bc533acfdf2d6e5d6a5a1952d59db1b0cede57db1556671a76c9b2887a0e7a1c544a92d9ae3036694fa353975731ac3eb89615960df35e9f3f4be6efb9cf789ac338d9f58f6e8e5b3a5251d8fe66f31eb0f585779c4de3a8e5d21259f359ca1cef0b7cf5017d00728f5c173ad1e3bddca535cf6a4acabbcabd337b47c741a3386e6a1a62b22d609943bcafbceaf31cced3cf406b9757cba5e71b795e526a680ea982e755aaa037c8566f983b3c5696b1d6d0bef036d8c6e33ae870ef1ae175ada02e0e6baf37b9e85a35c4b8eb4d67b1b3906c6aaf3d2dae7b7bca1cbb2bbe28ef1a5cfae4ef3b3933ddeb63791bc6ff1e993db924b96e30b5cc04ee7b66f4e1bbc3bd84fd0c8edc3bce7d79a719a4876c80ad9ab1d47a26b9efa4e1b46b3fa60d9d5473bbf0eafcbe83e351bcaf34725378dd393a341cbe985b59d1e5d7a1ceb30b27a7106ce878f549ca5bca7bcfa8c246022da37f1b20086d8da1a18e5e9bef827aca9d39e872ede73d7f2e9c6f6e6d66182d3761d0cd1047ac90d83780eb22d619c756f9f47de7bfcf5cd6b9f479e8b13baaa41b369382136e7db2f78dbde162cfe98d3e3a4726bf5de461d035e71a59da6995bc2ed4ce85ac6c63a09c81ce6f4c1b29b3ad59c9de6f9e962d1cd8fbcb165acec76ace53ce4c75c0efc35b87a6d589df84452cd16ab4d4f67a4580992e7554673d08851cfd615d731686336c72eb95bc322e73ef9dd39338d29b288070ce7a23db9d898e7b1b98322d9390bad4bab11a3739ef38ea2636357d79ba8e1eae5fb71cc719fd79f63e4f52de8f3f2fbc2da4f847a1fe7d3b5e3a6b3bd96d5d098a6e52ac29e7f58564a6d5de05a18c25b41b8b069d337cef1de797d6ac835cdfe7a29dfa2e7d720d17972b6e139cfed943b725ba6377875b74ce5eb3f5cf2fa317a62f3264e75c5e9cae694ebcd7d618c6b638f720b990a9cc76c48786d1e17f1df67201092f271da11edc7a3e1d31f7816e2d2fbcbfcf4c675bfcdbc8cd0a16abb73bd398a49a75b87a1cb9378d7894e99a5d15df1546197d63cdabcf6c6172d06d95e62431668132d773d888c55025233c6150d67a5e5d13e9cf177cfa2c74706e385be64c6cc2c5506c599d70b8e96764cc4731a39ed8d96174e5da72ecc6379be6f4e67a7cf5e9c35f3a7e7d8d62f4c6474c9b25cddb550337585f5173b1a454258cea9a64de4bcf5b8f655e8e19e7fd1e5dae3d76853de388f57337377b976d8e5b02719eaf39722ee4f9ddf303a9ecd473d372edad8d27a13a06bd1afcf2e672234b26d72d6975ce16b18d63aae7df37ae72f97a355f38e398ebce917d6b639243b075939a5f213769e3593d39e6664c340d6c6756d66245a79ed70f72ec7ced1efcc82aeb0975e41d736bcfa373d53af52e33a26f37af3b0aef6367440be63632520a2a606849d2d5ba21407a0cfebcaae0b8d5a5a36ee75ecef46299d438039ca4d6349abb9d359de76f8b524c6e917de4b8d60f4e0e5bd2c7460b9dd6e9ae05ab4375b3cf5cf74c8dd31cf597d782d6b779ef39c11d013a2c383db968f3e90503ed21328ecd0c6fa4e5b5d96d670b59d9e7db61c132e2bbb465d85778e831d2f587be3a234b43d542d0cca29844da034c6a8f36950baa9ae5d3f3d66a02b3ba73d7e7d6c3792d25ac3f0ac61ef15ba52cb79dc9bcee9e7ea79f4d2148b333bc4efcb4332bac9664c8e00f491cae9c56d8ef3df41cfae574e6bd868506dcf27a5acb95e8c53af2cf71a98dc1d94d73bc749cbbe66b9696774ba6e1cb9ee99e47af1eaf9f4c8de1699cbd0f2d6174c6ff2ebb36f9ad72d017ee9cd76f3680bbcbb5739e73af2d7c76c0efc4f8d3bcf79bbc8cd5db74d2a1a33b19b88ebc7b0f3f606b4059d633ab3e17dd8ee082d1bd8cf2bd9c97d01cb74a68a6b0188332243a0918c74915ba7313133d85bcd89fe38265abac9f4706b9ec988b9cc591e725c74275edb1ecf3c9aa388a388a89906ef6b33d670f78f6779dbc1b1a7f3a7870ba727b3d33de6f674a6b4582d90ddb479991d79f59c7a725d719fac25df062a3a3738b2b6b171b1ad4e5d52df20eb3bbc3a64f402d473e8aa7a19c767f9f5cdebc4d97631ad7ceec599ae59bbc6b63a1b9f606b181d7927d33734d733da98b535d363412b572dd79b195837a18d319468b2691acf4435cf6b1d94806b1a92e676494c345cf37ac9f1db9cede7d9e7bda363e7d17e9cf9bd724fa674b2ec79d9da2dd9fab9feb9b5af59ad1b08f5171a1eb02b1a5cb5a79de9dae4fb668e6945cb61a68eb396f0f46d14e11eb4f467675ee3a2fa78ebe7a70fbe173a5d3a20c6b589be62d9abc7a6be34673e470b0ba597d39e27a39747e6eef79fa64e8f2abbc35548731de32b286b3d26557580d2c77c1d67a5ca4b2ceb9171ac55e3faf331a5ae997dfcdb1e7f45b08b59d0c76b6b2327379abc75b974e1bbcc73eb262ab54631a5fa611e999b46c69de7d029e9879bbcc36360b8afbe2c79b56c21eba71edd17b32ee328a877853a73a26ef3499db2581bc65e9ab9dbe5d222ad95bcbb9deaf2da7a1a4c6d9b39418c5ddea655ece074c60fa7ce1d43e99ed3c1ed373df33e8f30f6184c3d5f9fd0abcf13ae333b73d4e5b7f9e85397bcfac90d92b48d749cb694932d342f673378c3eb8bd755c3af3fbcace74b3d68f24b5a36767c3543bcba4e5d04c86a45adc7aecb29d3962ef9827aae5d33dcded356b44ca24acef25053a6639be98c1ebcbaef3fa1ccef9de9ce4c759cfae5ec19a97381d79aac2629aa4557cc49a66f6b34b23b1d4f3edee7d179745e7383ac27a048537d3f2d7ad3e03d399ace1eb925a1c34d70ee4b9f686f24da96a8e4f734a95739dd31d29b427275cd24d5ce82d4c4ba30efcf3e939f55b9f5aef9aea96b97739eae63d191be14c64fcfa977cf1344e62cbfa34939bae67b611ce3679fa727ae2f9dd9cb78eaa1bddc679fefe4ed39f5be766d07e7d32759e62c2fbd8a65ce7f6c4c35819b58dd706cedbe5d73bb01de5ce3ad2e596f0022f9cfb3b1d94fb65ae3d18e67d13dd942cd5d0333ad0185d32c65f1a773bcddf2a596f1b43a1a595aced3d7308b2c8389cf4575c54e932e9ce6e3ef358985f78f51f1abd6fe7b6639739eb07bf377169e7799d0672bd8d4b9ef78f4e6d85a34396db2c8423533be6bd1e6b1ae971b1b9e5f796db47273bb055d163af33d39d22ac433ad95490d0759f0b86ba7e3d07be78fbca975cedf2d3e6f4f8ed84e1ecec74b6b3a30f73f405e79bd714b4ab17586f992dcaef2c1a3d8365673adcc74e6f5890c7f4647ae7390f9e96260ebe068d21bcc5757cbd1cdf5e2b18933af58bd0ea31dbd9d5f3924b99d96c04d21bc27b9e80eb2af3d6368dae5be973b59d56e7caf5e7cafa3cf6162df59e7ebcb7a3cec5b917b874773df5c86e15b597b373397f4f31615b49eb1b7c3a0f468e5cfd82153785dcdb3d2d358d4cde3204e82dacf4c071abcfba1bf3f5bc7b58de974e14ac956cc676ae635276d0ed90b96b9f66b153580f4c5f369f3de3f6cfb1d6ae5ec75adccb8e4e9bb0971d13d15d654eb8537816f2ef1ebf51b0cf3d04d6575e3a26eb6793edcf4fcbebe852ef3c9359fbe7b269172b684b59be6c9ea319de88f57c9e63a0fe2ced6499ec7acce9e64366ef1f43e4a99e77b4e99f65d06631b4ba73a9a5e9fc3d2614d3367425eb3ce5ba2743932b59c4dd6df37f3bd5e3d33ace1ec2b66f4e7b82b060f6e4e73e8bef1bde6ecf67a64eb2bf4c68f3e993d395a7671bce739fd33b5cb7b9cfb62ef0c65cfe9cdc37a985454f7c18ced8c7453a72ac36296c5eac5349ec7b1d13d730eb018633a0ea5ba603a15e987f9f4639746f9ee4d170abd300799e882aea13499d1cf6ac3398e6dccf5e6bb791bccf67af578e98f4aeb191d79747c7ae63d376c0f976f683eb38ddb87ccbd9e36797574db4756311ac6f6379b020d4c6ba5c754279de9c59ba2ef2eaf0e3dac9b59f0d67a01c5d11e85515de5be7b16ad3e7bcf6d6b3ad874f1b5d347228ef9e91cf39dfc1f4cf377c5deb1779b5b366c3e99632e5f657ebcd7d1a3c76de343d73be5367a8f58373dadad5b9f2d13708172c0f8e942b5ce561c8f4a7d08cf4e87af9fa8e3a773737bceddbce7379d6ce932cadf3e9cd66e8cd8cb67c650f9d931bc8ebc2b65fe7dcbae68eb9b73ad8d8f3b8df2532e4ec3672166ddec6778bbe387db9769e4f509592a6809acdb115bb9d09d1e342918c4df165dce379cf3c2eb89cabee9a5ba60d8d3397573acda5f78aeceafc5eacfd73cceb8b86e1bc8eb85ecb58dafacb16dcc6ddc69c878b91e98e938f79de335cf37d78ea71ecff2eb83e9e0c93657cef4a2ae793ea2fbe7ade7ed1a8d961327a709b43e956c45b907f9750a21db96970f4037813836742d1b5c77a39493a18d65f4157255dce5badbe537c8714d73d6e5d9fe7e9a74f38a7ad30a9bca4a5a62cf3ddb8f498edd202f5673ca85f3a7ad727d31ce6b3a63dc63570e4b5bcfd60003d0434c6372e86d3652797ad3395db77b3a18ebd0dcc7a52ad0ceb82ede4ae77b06b3ac59f4f8e4a8c310d1b9d4957a738b79bde5f78d0e5b4bb72739acf2ea4ce85aab3787f93e726c616defc8ab94bb737fcfe843bf3d4e5d2a8b6f35409ad1e56977f2b9693de5fc68d9b3f7943a1b9c76c9636f3ac3adcf79dbc133d1134f9656f88f5af67385e8e6ef3d0b78ceeb857af3d5f3f6e97c5ece73d3e4d3cf56394bf4cad6d3e9c3a2e5d77b9f4ccd69e8c6b5d1e25d9536ee53c5b7874395df362717584f709036174174098dc5172c21f8f4aeb2e028ed8aebbcdec9719bac7445a8d9e58fac735db1d470eeb42b24d7308c8abac28a733a2e8f970341b2be255d07316dbc6947218cb7191d79e8e7791d307336cec2e85aa88e73e9122d66e5662c4d6963716511b1a8b3b58d6ab1f2a19dd222755c65c735db9e9f2ebd8c04d46b9e8c831d29ae598e72ea89b6eb82d71fa873ef30b6779d3cdef2e63a5b1d87d3873fe8e1ddf97b73bd3296f8e99a4e5791ec673aa63a6ae231d1536a67a9b7c2dd3cfd6b9c5cf4aa877c79eb96d72de46ec3dba3cba835607b3cdd1787dcf3cc325e33468d8de775e78ddf2a7597e98b0bb81bcb151cfb1b27ae6d63a558d98955721d4874c25d333699cec5bc6c73d63ee9cab6f0427b93a7e8e434b8c41b3a3e36a6f3e6d5c5069d8d9304366cbf3eebc52e9cc1ac57455499bd5ea1e898639f4d5e7b43581a8747a1acf5d5e5bd59d1c2ab3159c69e0cd4e82424c164251ce57433b723d337c94b3b1cbb6cd1b3379db058f6ebbe485935a5b2877851d1b36bf3d3fcf4e6f20d0f4f13d3923a19cb7c6f659797f3ae3bbf27b9f40b968648e295d3651eccbbc9bce8ae56b585ac07474669896f3ae71ca9acec65e6f72da6b441a6b05ce9e73d0f2d75a579845879ecb26df73979eac58f5ab063324f2e850675739bcef5e7a7c9d8d5f36ebcfbfc6d4c77e3b78d7cd91db9e7382d9d3f3fd0e92e229d9359bae0c595fa58a5d865af4c7cf8d8dc6ce7be8386a69cf7ba679dd66badd73a9df06344e8e869c1502acf90f2fcb36cf9fa82ac6abac8d2f9eb6cee0cb666a7229d16ed94f7913d07be697452eb9d1e7994f676abb771c93e98daf3f62f359cb654f59c4f5626cb9cf6877e5a9e7ee1d65a6163502beb9b989ee5d2beff00303792675e16659e5a358d0e1dcbbcb1cf795d32975e3d2f2e99d73e4bd7c02d48981ef36ce8fcfa31acf4bcf65ce902ced67d9b631d727a635796f37a0b3ad4e612e7a276d3ceb0934e93d0ad86170b621bcb38d68566eb9b98879ddddf4b8db46392ebcb1ad379d3cf1cdd65fcf4d3e7d723ae13d659aed787a396ebc19cd91d31a98ebdb73d715d715d5db71ebc8eb19bac7d03975c1d73c875b1cf5c477f3f5bc3dacbcd995e346c2469d6a4ba396e46d9f6ba0ccd3cf8dde71b725acdedd64f946e74796fb8ce73c58a70b4d4126d650250d6456df3da3d33ed676a38e6decf5cccb7b1d0b8a92f9e88dac3ae0fe87cfedfc3ed33d16790b3d72bb797bce1ead26c279b1be5c6eb83f9d295a3cbd79dbb3b7cf4f96f7ecf2bd35d16b96ee75ab94ec84c872be9e3b39d68616ca85c3eb9eee3a064a48e778d894cb46f2d52b505e83f3d935319cce55fa47b7e4f54e76a74cd1d29d64fa73aeb933c7d0de72df3c5e5675569b52e24b3bae73bb72d2e5d06b19e8ef3d9ac1b12faca1d72ff0025de6a1f57c85c4ee7a499eaf8773b8c986f299832cd1e28083646f1cff6e61d06c32cbb8263ab5ac7d4bcde9066e57a73c9ed96726963a739be57b7d2f1e89c339eaee744798f7911a4c86b99d71b398fcd30ab8d637a3861f6e1a79d359efd071ec9c666b385e8f2a3d30cf2eaa77f39b1d3acf3fa5cc75d9e3db0ba7995e9cbaee5df3ec851ece92d2fe4a6a4dcbf8d29b32f59e839eb83efc7b9e3df0f5bc9e9e76b1a49cdab6f3b9ceba8c6f3b3ac4eb97ec23450cae99cf4f28dc0f4a3ac6b72f428f1d1cf774e7cdef890d3fcf7de63ae12758896374d73e7870778abd7a2e52db1d35d08ad928e64ea572b27ce7b79faae1eb71e6b68e7baf33f303abafe3e9475c83ae65e778019d2bad78e91348a8a9bc2bd3998df5e83d6f64cb239fd30b47479d1c875ecde9cd1cf6e7ee69e1b9adeb581a9623676aeb139e70de61ebabfcb4c10d24a269aac0ce76aef4bef240b9aaa54d65f7c877c58ceac3ea6f8ba3ceb5a8a4762dd70cf3dadbac45ceb37d1c94ebc98e7d33fb727b8f516b370eff96d1d737b1d3429fb2bb8e5bae013a194f9d7a11059c8b596b1b775b8738dd392fa61b6397412755e7efcef5e016eb79ed02d42cfde709cd6d65f4c458dae7dcf8ea40d1d08eb9e963a67394e52de727a73873397a0e1ef1e77b672cfd6303b79ec0af4582361fa2f0efc974e6ff3edad9a5b97df3ceedc9bc96ced6de7a0e3bf2b422a0a2f59fa1572147a74f3bd4c744f59c473d173ee86b05d726f1a4c69d3191bb4cb1b3d4ca4cd8fd3cfb59ebb7e7f4575c4dab0acbfcfa6375e5b98df3fb56efe5cad73ea7cfd95d4a07618ed91a3137cf5b97a372cf31b3ea907cbcc0e1e751674edd77cc7591d79f53cba88e8f6b9e773e93acb36397df36771b874cbacbcc4365354d2379935916ae6bd3e3eb3cfebb635b9dfce7ad6cea83c4ec261d2e5d794efcdfe3ab9d339e36b6f659cf529858c40077816b136bd23b33d7505a1cbd22346b9d857d9737e8b17a2aec7ac7a61ac08f517de73fb73d0e5a631b679ead6a8e18e7bb82ee94eb8074e63a631bb52dd30b75e4f72e9499a267568d6d735b78dac59eda78d6b63a64eb215d7e7d4e19fd3866ef2fe74e72eacef1af9daef3c85d3cef9ce9c60aada58e993ae395d0d5c69dcb46ea71bc8646b3356575e1eb4ce6b3ad2c471147ab13ae5de7eab63086f10f32e57ed691ad71c5e9c118ce75a79953a741c3af39d7cd3ae9bfcf63cef0fae1973bbcf63e6e776e563593bc68d3bcf76360d658858585d9c6a01bd01b09e908e6b8ca4639fa1cdf3cb97f46e64e7f1d7afe7d50e9c93ccfc682f22f5d1c61edf31e8f9f75e1f40e7e9e83373b85ad65474279725d725c49b6ae3aebe74e39673d94df00e6531d3a79d9ebcb3337266ba5a3391d65eb2ee3ae7eb98779c1cec88de7063b01c606f2dc6bf3e9b26f41c299dd358e2779e939eaee564ced0b9a5e6f7451d172adacd77ca0e1634ff003ee6cf4679f557af325c498bd50b4d0af4010df2ec2ba5f3a5f59b6f9552c5ed669a02b0cde181f4ddc4da4357951ebc75786cd8ee8e9639b1ae54ebca20b9d66f4212f97578f5ccefc85acb785ac6f37b73d0e7b3e3436fabf1b2d39ef470400d3b76ba2e3d06310a3676b1ccfa393f8dea72ec9492c3f4ed71bdb879ce66cd1c4ce3be9e3ae89459e3fb70dbe5d245c3a1c6e995d39e9e65dc681b7873b2f37d3974a6ee97b540937414e74f7c419de63cd0d657d5ab8eb95ae5a1cfb037cb431d912d5cf433cf565370e924591aca9accbadcc3919eaff4e2be3a09079e9e78ecba5b9f77ec72fd7065670d6debf34fdbcb8fcfae777e42cdd1f0f44f4e3b13cc6f3ccef97d0fcdea968d0867797ae685c87bca7a8f8d68e7a20f3eb6eb95cfbe59b7dc379e8f5cd247ba705cd666f1ceeb1a59414d0e72ecf2ea5c6f67b727b1bd0cd6e9cb9ee7df9f8c4efe578d299ea8ebcbd1f3e969d125a30ba7283b5310595ec0d4e745b5e7f3d0d8eb326c741319e302b74e26c2fe7a1b9f4be777c744f79243d92d41a435857b645bd0d43ac1f287589d60b17cb7a1b9a68684437ceef8e9ee9c6b9ea9b6972d23aeb136cc4b9b99c8ba617e98b0d2a64f843b16ab23059fd72ff0e928bef36cf5835f487c985a3633b730a6cb6b2c8ebe359f678ff47389ab5e429e2362250cc761cbd39fab07af1b675d6f3d4665939cedcc10becdee3e8739f55b5cb13af0dfb7b5c75f26fa3e2fa5783de1cf3e27d5c75b0a599a6b555ba5e3dee8d8ebe742b594d9b666ba0c5f3cf4734ba9a7c664c8dd6d65c1ebc9cc389d3351dce7d6a757f1bdcc6b0b7e7c6e98273ebcff00abcdd0e1ecf87a6e9cc9b4e3579f7e81ca066d9eac6b193a9771d072ddb7c734d9b1d90edc123183d4dc2ebccf1bbe78ee056f4733d9efa5399ae7b15979db5cbb9e767a71163ae719d35675cf0b58cd415bad8a677a8745f5ce1ceecf47c3a2f96fd793bd0f9ff233f793eb7162b909a90c89f0eb21724fb730f4c8c0fcf40ebaaa29dba7998c698c6a921de4f8dc8d88e67c4bf4e67e7d25d786e24c74a6816a29c5bc68d9d733edf3c3b6735b3a16b31669acfb59e978ef97ed9310741c0d9498daba8d9d933b19abdc8a36b5e15f64e754e9c97df36b3a26756a921eb39fd0ac3dcb65847b64bcba7847aa8b25f5fc7368d069a72986453f9df3facdb4a96af979df4f8dec7a1de5d18c95df2e6bbf9fa0e3d7731b703e75e8e062733b673d2ba291be22a70d5f3b577cf31ce7eb1a7cb7c9fa078c58dc9aecf8743c52b2a3a79b4aee15d079052c3cd6d577c9bc6fa8e5da9ac1ae799a7438fac161ede54c4b407559e4d67aea19577cfe7bdb964f6e6b6d6f2cdafa4783d8e02ac4b1af2967a606b9616b063aece75dad90d60db2e7a5b1bba2bac729dfc74de31b469522e18e5e8cae9e6d43af59e4fa018a75e1996ba28dfc6f031be73b7976346be379169cdf2ea33a1d1f1d1ae9cc055ca4a98c6cc5b4bef1caa238b6f3abe4795786f1d0dbcf118a9d05b7cc2f3ae8ae1805fb07a2e7a42075dad6cd8da9b1de7d2c605be76ced1e9c01ae67cfa1fe5e9b91c633a16f10e54ebc58c33397e8e6d66aa171b5ba731393637a196d9d8f2ccb9ce8cea6bd649661d0d53eb86f25a633d13d95b6f73d1f229d71edf319467a439861eb2a74e6e6345c681d01e7425f38ba8a3afcf1e871e8dacd99486806b1b9cba725d792faccb745c75cb7a7cf93a86f2dff003fa12de41a613a5e1e81e3347a75ae2b8d64ef0532c1d13c3ccf6e1b8efa6e1d349b0a7d5c875e7d3f2ed2696d63335cdacf47c9d79fce7b79fb8e3e83b3469b8e7dcfad1c30b795998ceb33669f3de2f5e5d0f39fcf4ad2a0aee0eb4d72edeb1d119cdd6738e9a79737787b59672b58eb8d0b8fb437cbab7dbce7c74e7dc725e9f23f6992be2e9f3d74c7a254f37a79d5e7841af474d8365f3dd819b233e8d2709e73f3df479ba8cecb9e9abbe2bf3ec0e9c8f8eb397377cfb78b0b5ab92c8f1652e985c23661e35cdecbf2a34df96fc913ed578f6e9ce8a2ab9860d84ba715fa65ae1a26360e99f74cb38ea1d730ed9d75f6743cf5947b12dbe7139bd3cace7b3dcbb9f1d2bacdc3d6e883d67d5a7e7f4e7f7f37957ebe7bd27d31117ceaf8e8734b5a7b8e8ae4a604b598d6616f9673133a5bae6c682c6ceab68d8e84b1e73ed64116721d41d657d9eabe76d72e89f5e41de57d27c6d9c461fa15c750760cf3b9df21ad3dbc751c9c0d19976e9f5e76b373b6b37a70bf598e5aefb3bc5c6af27d73433be2faf1ee38f6e17d1c1e3d05c7206667795759ee7976c9c6f553208ad34671a39da23c9f6e5d073ea5d642678fe832b5cea35ce245251139f29b289ac54719bbe3a18d1ed7d139774b1d707a79dee7d5871c4f4e7f41cef82e99639f5eb75cf3812b5a8dadcba7379ec1d67ad799d39b33d1e7496b296ed5c32e689859e99bbc930a7676f97a377af0a71f462f6e608cbd62c31ac745c7ac21ab99d578d3f3fa327d1e5a68bba4b3a4faf26b9a339d759d9e7d71f595758738f471e8a75b3b5cf571d8b8dd35ceb3e9ac4a5b5982aad6ac611714a3e3a56c0eafbede653af15ec5d7478f556f3dae973b09d0749f2dc13d716b50c8f9ea3d04c6c93eb3243795aead70ee0ebcc3a17ebc59e59974df2ecbe94b41e85ae7a3c76975c1c6c4147b15f2d52ba81aaa6c5688063553a5e0497216b3561eb071a42bd3344b67ac914d563d07cd6206cfafe39a36bcf360d6139e6fa65c8d6e5d57cd9bd1eeee409f9e75e5a59c41b7f1d98e7d3acd981be2eae596439dde7d75470dd3b4c1931629d68f3f6f9c4ecb9e5f58e57bf1ef3cde9779f7226b385e791ebc73ba63bbf27a6a3cdf6e58baa62099e5ddd6d0c74cb9ccdf14bb71139e9f87a904eab87747a79db13dadee9cb9be5de1e57d6303a74539e51e9cdcce8fbe7a5cf5973b3c3d1b3d7866173fbc0326f6b48e7a1f3accdf26873343f847ace56e53a70d3e7e873365f4c972e4f5e45ce5ac26762d67e9dc7d1cde7a6af97b6db8e33d9e5acf719de1e75cc6c4055d63ce58c6c5d389ddfb08562d16ad94296b41d73f1ba74e63ad7c8b9b127900e0666c55324c697d8d1e9b1b19e647d39670db14e316ded1eb9ae73a5c3b8375f22dd974934739fa01a2f1343a671ce33c99cf6be3a5a635a4bb72be39bf9ed6c74f366f6c25d7921d70df3d587d46cb5677303556a468a31aba906735adc0d9c5c6b3e890a3a86f10759ad5887a2657de2d96f26c6be987141ce853f9d1d1aa66171ce14918df3995cdc4eb82995fa11acf37a5ae791ac3a6a5cb4b68c91f125638cedc94dd29d2f1f44e3793d3cb85df8e9e36cf3d74fcfd2a73f455c07a7321a1436e02e2d7453353a674f9eb69cb58de5dd1eceb4f7cb18b271d87be5a9ae4be6cbd42d47e7b49ca7a20d034dcc29ae52447a4c6fe3a3d8d67ef01a62b8eefe6d4e5e92674524b61264a8ccc7b227169bd5a6ae454a6bcb34d63a1b3d9f00dbec78ec09cefa7998698d2b4b6cb675154d1e5338068a0cd2cb4d66e36c75a6b324c15608deb34630d4cd107658c2b825bc8ba3a9cfbceb2967955cdf5a43ae1de1a6b3b47a72f13dcfb2fbcd1cb1cf4bf4e66c74731eb2e77eaf0f9c4dc8bc5a6aaea3e7ad8b2fbf99ccf416847ac34771b5b780ef17cea95a1cba7b36873e83df35b55116de5a3406acdc6e23a6b9ad11f08972bb63d3eaf4457a6f96181a2a9eaacbfcea69fafdc10a60848a68df2cfc2c68e76c636b5d225c91cbba90c856cf3e98bcfba5a35a388eb8d271d966a423a173397b5fc87e968e34426ebe74f3e7f45d3a0365ce97cefa8e5d97b5a8f3d1df3c2b22e7dc3bc908fac2c4c4fa39ed61c620a825e5def6d3719dbe54456d2ef1b59a69a44a0b3cc7a2e6aa95a2e7aed9db531737d39d321e73b7cfdbe85cf6731064727ce98c4a6b80f5cc7a55eb3b8de9967b96b1b42e02d61ce3ea6f9f41acec41cdf5ce11de7ded991edcd7df353a71fa1f0f5f348a6adbc58bbc939687a55e8899ae7d18c6ac0de0f523d38ddeb670b6f37c1eb3319bd704c919c7945ac4937c7a87a661cc8cba57a4e71a28a349bba81bbbab93f3ed7cf58498ad3d887bc8f35618cea9d72b991383eba29b098dd25884f791b964d6675e7a1cb6ef3cc3a16aacada7c6899d1028c7c47c68f8a7781ab98d0340133ba4420e8633a935e2f24d2dbcd882a4821afa8679b9ac72bac7419d299dbae33d1aaa6e8a0676d594f35d2dacc676ae7a66f4c2dac231d763ae95870721c12b9cddd671e8757b58e45c733bcea65c4726c7761ce36b892d6f65dce7d3cbd156322d48d626b946dea396fc39c983bad55d05ca0ceb7397738a44b0ce153a00ebc17df3a185b7c24db196ae6483ac91d1b3d747977435ce966c83de55d60f9e926e6e65347c7731ba39f12fd700d0a74c9f31f389a6b1acddf2ed39f7ecb1d86d5a0945713d318fbe7b7cfa398ec06c0ebe792ae731bd5b3a3a2e619e3d45b56ea03633cd0ef02b2d676df3ea9f5e4de763d6038e62b27764ca96cbe39afbc83580eb169363b5a13ebcaf9ddab478eac6a8a6b663a875ced9ae6ed25c740ba06b24116f8b5940d44d0f3f45f7077b778e68f35fa62dbdd64687ca1de53de5cc6b93f779b67cbdf6f86fc360537bb15e2b461be6f079aa9ed73b63a3b8d9057d0374145b74978bc966b15254dc1d6481a3cf7d96bca1ceb38dd6cfb4ea664234b5761b0c49c61e6a675ce74e345a9d7a3e5da8658745706ced5ced35675cb52e7cf74c14ded8db5cfe7fd30a6f3b1af34f3ee7cf6ddc6b9be9c919a9aae75790a7a8a587d711ac1b2b98d55a5d791ec66b8da437377727ce98e5d54df0ad4dd0d9d0595e9e6074e6aec6f9cd72e8a74c598f9ec6c6c5ac5516df08857a66b746f05c6c6993b787d4419026ef65caebc3d64835334b255de3b3d4c08d042f1046ce55b7b4082f31a33ba66d462d4c391bc939eabb41bc786b343160373dd52aea4e62737cc0e9319e8cba13666f0e609ca1b98b58673d47aa34a4f268d8ba5a1c345368eb2c2ded546b9cd77a2e34c73e8075094789c5de7b199aa399e9eaf0d86cc1d0372351686f3a8ac6ef820a3bca9d796a71db78d48fa47a2f94f9d4445438999d626671423bcba4ba373886c6a8ef28752ae4c6a215de44b70600f951f6fcdf4931d692d8b3c94353dcfb3e73dbe7d7a0cb932ada79c74ae706cbf68d3939ce0b6af8bd6ea4f2733d58d8f471e57a73c5eb9f53f8696a07b3e9e3836e9a60529f9fbaab67e9630add32de1b121d70d636072ee741682f67319d59d4659d666450de3a43ce73d17d6220f0a6b32e97791041d2be75255d3734721b915c8b956d02d65ccf4be62db03bb82fd31634e72dd342fae69f4e4796b9740980f525d399d3785473122d8de1f22daae426372e864cdebcec44e711d0012ef83e35ece4f9dabdacde9c1ee5a7f9768d00a6f15dda9720ea869d04379fd7040679698c35d3052734fa07c46cab748faddc737593b96b3b9c6d6d191e9e3afe6ed7cf436752f3b57a099468460d35cf76521467ac0cb91eb128df3ddc82eb33a6333b73cdf4f07b96af9d6972eaab399ace6d4c63a2bbe75d02431358dcd0759b5467424738ed8ce84b536875e6515f5936543a89f4e6d6356aec1f3d0abb8f8d504949a13151ba0e3d4906a5d4a0514d2131faf03e7a31cbb5e026a9be417595d79abb15e9cdcce8cf9591661e0cbdf383aa96ad9ecbaa5a94e98f0d92d16cc3d6a8d573107e7d05bcb3cf5e4a08b78a6b2d73eacf1eb4df35baf3054b7846e56e9cdbc6d5d64d23734d4976e4e72e92569b0d63c8cf2eaaef9df29cd077916867094a8d53554f22a9ed85c683bc4d552a32e6d3563e11d5779be521a5779f489bce6b99a19a5b4425883a18c6ad4a6c6f1aa3911a74293ea8938e7f6e502cf3db9cba6776e2534520b79a20f869a0b945accd50d0b403af3916b0931af34d0e45bc97351a2a8c58be585ad0a1cc6a93235725aacb19449568a217966c89499668481de6d8d988723e9ccf968d6cb4d05c683a0f9d0d8b9a1ad55ab8faac57a20a5abd4520f7f394691144a0a574417a8a24c23d8415f781cd107b2d1e1b10f40b44cdb309ac81d0ad104c0d8a656d8701ac456450499aa579870e08915a2d4d1f28b43042a030ebd5696c1825b510175265ae8a613b79c8e6c962b4c452479d5a81a0683a7c80cc1321565d8168d66e513e8bd26b796708f599abb2e30e6d561bb7801236a48e2ccc0a89e26caf2d47a175b456d029ecc36b6557a649942e625ce7b2d676f2586280b116a053022c2af4cb93201d562a4dc8b8d175916891145843a189589aa9203151acb49ce6245e874d489162768d962d51cae96aa30620d3359ec7cc4d0a1a29369548b562b1075928f8aba8d4ad12936649b2129697a3042aecc036424a129a74f30a0935886f441a305a55a9438c42ad2b5cd767b32da16832868f418aca1009659e20c37cfa935cf2f7190f9890295a5db3147249a244add95a9cccb312a8abc7a753244a697460ab206291c449513c7a946495ba8a92b34926cb46a11ea292674ab2300aa68e1168c4a368656f2adcfa0f4326b0eb3bd1c970d1ad4a243dc3b63f7e748bc656b4ce2def2f74e0fdf92dd308ca8cd619d5ab10204b52b3975b14cc48850f5726b2da810b68535a989a5986320fb06b3a9b124322ae89a6c56899bd304aad4855a5656d493524a47270119b69b9338622abed048550e22ce988ab21a99cd1546546fa1d808e68be90ace46ab2b4bf9cafa609961d0e8a42594a1296b462e024f4ac8d9066b530582c9330a44939d83586c62155bb411e0e43d0196224976a94b292ec7999cc428a305e40cb36352eb61bc684314f065e92e346d62b2286ea056489151203a1b28973327aaa94e6ce8415e45c740a1972cf618b5274508147e7d1e7397b1b72e4b609209d10105342d406668a2c079802fe15187a0d53cf7d079baa5d708f5ce46f128eb2d4d4b767d9571761754d90ab36960d92b4acd7cc36310e0b2461909a615d59b9db5c3af4bc96193d64d8d60f5cdf3a4b798efc1eb48b6510d0b262ddcc34e417a3c9a1a165046be69b4a26865b564e81a1440a52419802c971a2eb2c91e70363054c6b076e8d944d574549bc0eea0ca3a354cb6ab11f179d081e4a6a2566d167d4066b1a9d64d08edd0c43a2d0c06bea4b5561a13809a697a66af45810af49337161455e337580cb67974301657885f01907218129a88558acc68ad2d26c696d0a92c8f3545f87e02513319e2ee851894c93143440d235879deeb751cec8de73f44b690121554675c04a2b39d271da82d58966201b1bbf3e87d62e8be85f47ab357d4e10ead1356856d0e8e92202ab1850d07835284ce980d20a4c54d2ccc0428cb5317b4a3a3d029312eb68384c971be6f568391b09bd98e8a4e890979d6b65e9acbdc3b7b974e6bd5c6ba164d00a6801a2a2e370793672e75330e08106cae9f15618c2c6a0a0890570736690163467ad72f48e064abac9adb816ab9242fc2ba99281d300cc36163a101ede68cc6b3999d3a0dce5c6980f5356a61d15ec8d6b4788a4c450492b5c2649468135ac98d4867b59b4041987a00c8aba04a5d48478204cd28214755839a3582a923254c8c66a33e524b3451273a02aad375a00a50b5330a89e490e02ecb73e9c29ab75cf8af5a29b9ac78986be66248592c4b57b2423905a8d9bcb7d2f93d1d0e5c2eb8e7fd3cb437c9bca93634847a0a0683524898c44cd71a6fa665295826b65165bc172335e1cd5d80598acad6ce4707274789822c9cbc587d1b012bc564bb56a9026cab515b807a5041305b9e7ed54e4f637d78e9e76f67595bcba5cf282ad1d05319715cb5a19460793b6d032d1873f5560daa49f203109e41b455f319a607314d4d48a4565343798a6a613d586a78d302d525667336574b306b9d0e02d4ade72baebf38285d49d580b2d51e2c09da484f11a9dce5c2855eac3ed0ee342739cd5614e739d493d94648c5cb02bc17454b3d664240d179d1cd572d033409233e59f175f015924994c454cc7219e9abac3359c68f67a0458b329c6cdb544d5d15a2a2a241d1b2e1452a59723a2c2e69b27dcbc4d34caae4921a3d4ca722049764891ca3a74cb92d20a88c1a60b4332c851f52ec1ab363ce636b9110c4dc61da595a0b8b457aac3c922a969d4b0119c683a8359da34735742d55ce91abe86e078dce3a7b0b1ac8173bb73d1c3a394446623832fb350d27d3056cea6993a7085ab1e8c4ec5e698d451b79466d046508ba72736c191ed4a865b181ccedae5d373c9e8d61cff471ceefcf27a659ce53db9964569f73a44f6359db142155997d59f2e64d85cbaa5689425e2f286568a353e02a96cc4625c030109256b35c83b0e368ac9c8e296b346ae5a3553d4d15c591434122b2b20b40d95ac937446e9c0b27b2899eb33571841b2439dad340445d874c037429ce14d9e274330db6e3cda41123ad80b4e5eaa972b6e997a7d61e2e7ed24978d6cbd05945b3352c2c46ce6031c87a33d5ecb496414d4b0ac309a71b385265b42ccec256b5325a18155ac54d18aead0586a4d0bd172de87a8c524c0d6a283044c4d5a596654d0ab0f3a0b31674b16a8e536374b9e34fd960b6132e7dc3ad0df33bc41671aea4cea75e5bda05576f4cc558c2bc94cb19d6964cedd85b052ab08d6e632db1f32fb97ab0596f4fe6b4979ace372496c4ba190390bbd8ce8f4c9033f6aecd668d2b06a156b3ed007aab208552262a1af9273b6378b10db439e91d6256b4dd5895d041b66880abb96d0b6b356248a946629ecbeb29eab94c359d2c946f15191699aa12882317ec5468abe83110564772821161d25abd258f4b457a622510d5ea44494615e9922215b9797676339d3e7b2544891de7d32faf3244a68610d4326896c4b5547473359ab48cef03c31970f47939cd3bd8d69b91eb325e11ef26181a957435958228aa8a0d89967052de73364358813e8029333f171a307528c3218b50d81857d588ebd1e4cfad98b5226b3f1d325343791d244c3024626732535d0196753c5e2d0ca1aad036e4b9706c2ba3a86cc0567363eda408d1cb56c3a6a1c9f2b394498bd004a2cc479562d914b408996d0c9e98af4a60de74c35012632e9195cb2f4f53e6ed87cf5d3e3aef7373eb6f1ae57bf1e4fdde6bb9867082e57b424850504ad4f43f9a1875eab8908047a122bac8e43686884eca5e12a606f478b09614608d1740cda9194871a7cdd0b86296ae74d084a4f68d14d60310aa0740ad391bcaeba006aa164eacf9d786889973f3b2f3dfb7843ae2c95592c69f36845ac95892a94c8756ae062b9c552d3a0e2229a14c122a0c696d67623580c39da834ad7a13b689a0e35ed6761c6c16be6d1c3450a0759ab26c704ed301a396d4a68a098ad2b684eb5f2d6954f53c4b6a41a29d2599660226a620d294e4349e9425599060989d3cda19701ad2931359495117b3370c15eb5f874d1d38fd79e7ccd8a1bd6735d51072367454142db0440d56ace913119acdb587376ae562ddcc9eaf59524f2ad3b8d09c1f3accceb63cfe8eb7c9d3433af0735e8c39670fd1c91edc96d0585b467e8c437a4adb98ad2c92e7d598eacc24b8d6960bea30f43e7e98cde2e832eb73d23b33b79074e7ed12c5c9ed4a4e668789635913e2b230dab9cea9652f1cba7a1414f9eba673b20606a71762eba00c17aaac5acdd06ceaf904805c8cec2698e9cf405a739f492b48619a38528344a5075223600b30d30da90d65039351f2e3b6891d93a22933350bb64caf46a2b56a82dd6a62a25f33b9d3f9d2ce4ad5147620c7b2d0b1954de699d67ecc7d1aa286cae1d9c31bb310ce58cd759a81cad1eac892c135299d6840eb781aca8eab916572cf61d0f5250c2232e1354d944e6267b6ff003da5cb7d6f1da5e8c73fd79f99755f21aba8c1a3514cce4eea02fbb2e55a8ad3cba119da1ecda586dab1f737cdd3b3444d5d83e6cfd0b4e988732927c6fdbc862b0417359cdd59d2b916d03792396e4f9980a356956255095cea72bbab2e95177a6752c672e50f86e87ceab97144997a6d67a0d730a282db10125cc52c2946d2e1963311a696abd2cc7a4eab14550b4e8e4de58726963360edc6a66835a011a5c8aa203d0e69656aac5cc3d432cfb462ccd4a5670ecc6b99d6259036bc2e84d663672de37c0e69fccbeb1694354d2acac8c749c64c90754a26ac1868982f0e46a254b1e29551595625a59ad9c8766b3558906caaecc9e85b0b80969cc555179bc54b4437f329ba4a32b3a043c8e9d282a0d872a674c2376493347acd9cfd0615ecde6d4a4e3675b367a0734999ae48b5b1936f34dacdd8d855b3d94d97cc1966956050c5f842d305a99cbd44a0a67e885d0e6aba2270a93938e4b12b481c403202e68e8f38a481393e7d1775b9ac6b5359ce2e961c8472f3d14ae9f5cdb4ca55ebc5976b4759df82948e6680d033a446e5bdcb7a1d39dc56d1443e75a792c99da07a31ed67e8446ecf99a4dd431146a2b189c08592682b5caba351a095e6205a4e8e660d0b5399b3557a1cb4409d8b29ea49842e01342839669e875139546e4c53c878391c5cccba4d2edccbaad5ea619a68b580729d1e65b2e684d3966404e51105419a4b991fca7188434a9aca9248d3ace271bc94822829644f52e5634581d0d98cda14b6ac534d86913654dc6c976288e848c0d53d46cd6aa24c8352d4d94520c3926560b3958c5d111073ba199a2294d4a96857a92966cd2d5a5ab39823a7ab68260b0a6a00f86b0b48b53199dad9ce6412dd2396d9b69166e9a4d0b3a5873d12dc4194ae4d03592399a74037ec962d29b7a72dbc178605aa6a085129dac862169e529354b683e16613dd58122ba939024d04d55cab2b53ae5daf57aab24870835a442941a8c708aa2b40c958b1357956a2b2a26ad106708743709ea7b35284b98c196e269bcc8ead0cda384a59bb3154a3b2168b8d6a9a145518e40915046d4c99d1ab9ab112ad55ac762c4b3b940cd139113ea0a1283a32a6824e5d17d6731b2eae8e4763649a1456ccd658cb99d2cf9cf49a5c494c9691344de7554aa0900ba19808514b4981cca3657414a4ac4a6ae6b6e78c5370c66d01719fc81643a0f621691d0595a547a603e41ea10d61053cd9ce893b985421633aaef019343385643a22c2638d4121cddac404494db98d0a93150bb1816d19ad8f6af6b64c1e00cd613d66ae4ee54d5acb799f8d8873289b2582d0ad66474045dccc23552524c51085a815e8bd187d42aab49793d49ea5ead30962ce5b444de8f0c92cae666489149ad65ea0d384ab492fa96a688f4fe54f627541dec574b0c509a94424b4b04de664848a6c5558c8c0984996899fa690f66352da84894ad4d9653a4aba2b20a3469f3d9a251752126c3d004c7549bcc9578598de0d4c84964409a3cf42d16af40b522c398aa458d058339e8f66b0a159b386aec3ce7683a0c23d546c8e9275aa64a34d00a28b0149294ae7b529aabc189c15d952332e9326c0ceab92ecbc1c4e47a36439a096149779d4cbe60395957651ab546572e5ab30fc1d084d4288d1a16815565fcc2833529882675607f2da834b4a4aacf9ce926973db9986d256a844d91d15a25376565f44d188a406288a32ad6cc56b29a67582d2420a0d84848f4886d0060b272b48699a710744a1e84a8f339a2af0c8b59ac2449abd519fe5a8689a39c8e801af9731b14d4c6e65d20635906a44d69c16b6fcbd82b5e9c92de62bd3e21c8f45a00c62aca2d983a01a1a139742cd85ab22594a4544c885a09199535ba67a0cc78168cba4d66af54d5623d696638b9992d3cf680369395ea2979ce910d28f534f86f64d118a6f2da94d156a328cd810aab03302d42a9273372fb6999c2ab119ca5731f56a640279b2712badee59be5c0d2c6748d9d3963968541efcddd64d65595f5180a2547caa19ba6c2dd782f34cd4ad221b666a394566a929a8297a7c12959d5e7af0e7e87466ae09ea9ceae6b430d133f9f5bfcff66876e09fb7c99fdf927ba44659fa8b5ad9a501aa116cb866d88d073a70094445593bb6834c2657d540bd10ab95f26697d0f6749681a5c6d5309ad21a2315e6690d009bd558453426bc22e9d0210279e34e11e3631adbcd9bcfb3dc36a74ca7d315ced0ebc9ad67412114a862512a8d506b3a7f3325710ec4b7902656db9518e04caf10c5492a73fd018d11a80a90b6434f156dc65ced1ed65db38dbd1b224b8236d5a11bd8b4b30590d429f2513439ac1ab463f4b1a946165d6b2f536236096a9af41e524575482f9d60892d741ac1dc8482aec3d0ce56337869cfa6871edec181d8e879ea4b036475c2bd3953794854de4edbbce972593928cd8c418484261c29ab3763795b2b161e9ced3b592c8a9299d698ea19c9db047a09a254d31c7adf7cd6d1afcba8cc9503ace963797e3f583c3ebd5857ea7816f6f8d3d984a6ad8b2e6563121b2a69aac628d5a6641aaf4a6a26565c824b9d121c25dbd4ba64a990a515797335ea20721ad11b95a2e399d07b0cd562242d8fa115dacda79b2776796a675ae193b06397335b8659aa53442b5396bacaca11353d90b58eaa66d06268250d1812901a4a18e0b68cddcd95a90d4340cd22d194e8526c9ac3b980929ea9843500484d667e54de6b278435183327572e56a67252d30e5b2626e393a0b546a50a0b02b4de62359962f09915d409b8751c9ab425881296c688c114a323392219db17f9eb1b1abe36a26feb262cdd6727a65ae99f6b2d42e2784e54d5d3f374320345c4a5695504ba58ab4be85d9825d2f9dd5ca1aaad6a265492b4c676fe35a5cdc6efcaf8e928e66731a0eb399bca3d4b660a31f1beaeef93b59b2be97881eef1389344168af8da48b688aa8a1b3014b06de5984b1a7534ec959b2a4b98bcd3495a66cd5a485a033618cba599a24f794f579b9dd52cd045433d9ab2c8b7924d7845a1ec99db8c29b955d0d2d412749c28a3e34c52ac8ec4e90b488b449d434674cc69c354e068e67728755e84896f2616094d9319faa8c2829a881e8a53240d4528a1ccd560c35ad2c2245350d0a30c9a7a8c211f48e5cb2ce699f54c2892c31cfd2c64d31bd5d0527cb565d313a4865fa6f181188c6d5472111e852bd252c59c6965aa9a04d456b0f1d3533668b3d73d364620494d0582d1a00d996972cc9a6747ca707a9f8d8ad125d13d00d01349f4cb3cbae6b52164ad5c6f4d1a2f3d1915df3749f7272631d40e73faf3cc5d4c34d64bf2fe89fc1ec3a5a317ebfcf27abccdf3d2bcf49eb4f998d199d0533ad7e683639cf7c6f7e72e1fd66764e559ae99f4034dc6945e9b1e7f4c66a56ea1850d0b4f4b91ec8de3462f50b59cad5e9d1cc365e45a1ccac6692961d51ac2b27a554525a2033641aad10ae2a3593da8794d503946849a5acd91a8ae759f68796ba1dc8e21987acaec39366d8c20d4aeb2e655da224454261269653c5c42c0d8ab20c2a4e4e4c130c4ad1c5e198b9a4f45e9f2b95caabea98a365ecb21b35ad26e5c1aca1b19ccee599ac6167797a19206b2060899030b1a18c33949d19c864b9d0dcda35b43a8a924697aea634f0b25a996d144a50d14553421b1515a92ced0cbe9d48d4226f0f1434c4488529cfd4ce1771d1c334ebcec687ac06b38d331d071e96b36ce9c725c7409a5fe57bd9ced64848d653fadf3add79a1b2986f9ddeb539ad39534567431b47a73cbe99caebcd9a41b4b8f45501bc847125535bae7b23136b3d33f5364d66ba2acc0bd90c36a497c6804dd7a2cdeb246814b52f561244b1b32da8c8a4d50233136a9133424a569ae6d034e931cf79fbc5936621af0b53304d5197c391a691340d0a50351135cceae2348da6b3b6642d09d83c3036162976882674e15089471b9173a844f627a288416b379a90150cf89ccb54925dd55cbb99cca5a5f4358d5aab5321d158f9b6b564f32f00a1294aa8f68da73a411431bd6963548307aa9ab3617dd6a538f6c5d9d3d86e3c02ba6a72b7f1a30dead4aeb2b680b2fa33f42480b4b8074b85b9980e4f8db18e8bef34c2b6f3a9cba1a06e6f2048de04d85aab9d63c93974779efa7f177cee1da96a91283967594bae77fe87ceb6b3e18a895d35bcfd98896849ceb2fb72252dd79dace267a721a71f4299db3bc6d3971372987342bcb58b075a5f50e9fc90378d041d73cb9d9d8c87a1dadb0ebf9da42145759519250484b5018a357892dde266a492d43a6c0f9deff0093d3140de313d1c33f71f0e96588cfdc193663cb40d8bdcf60d0ba2ad4733aca1b8704a649fe7a20a1d3241575676814eae73a18d3fcf546844f426ca2ce6aa67691d9613501bcec2dcff430f4bf9357326b8a5e14356de4735733a824db34db2659caa0b79d3ce7d4397432fa442254b989056a6690c3d38d3716935ecbe2ee10d2d4e595f5310ab1e85416ce6265d4ca67393b9567f0b45a195cca521a58524c57596397a4acf19d0b4d38639f49cea71b4bb7228ad96946e7d34b96f0bbf32eb99f599e7b5fcbeac4c6ebcba2836a052b4646d0b0fe8f517a73d2edcb47af13a2ba18ceb479747f9ece07ce8a9cb7ab927be7cc741698edc5294da72e5aa59746ce9686712da94186e9b26de6f1ae6fa4c59ddc993d2c7ce933436e92c4b5c931b56b456b0f565da10d48d5a91ad0f66ab6966a245212aeabc74de5efd4793d1f22f7f9d173bb674934615d55a505bc685a1a889aa2f241366898d650d19d2d13c53bcd5805b5cb566ac5aaf2b6b24cb89d4cad184cc8e6ce7088d422c272d9ca1e98d44d407359aeabe6ca9e40e888da3635925330db30446d9c1b3988397d2cad393599248acc17d7382a68280998ca243d27ace4ea02e901a8a1497735b2e4eef467ac68779b4d99a5856aabd738b912a634312d8df21ad550a6d9e9cb530c2209986ee5992a637ad2e42b1bd9b6b9f4e7b46af3de2f4b4dca2e76f8f4c5eb9bf0ea8f2e83e3d6dcf7e29ada2cca4b52b51564a236e42ad5926add71ed5b8669df96a4398de9f3d33958c6fdace7f4c7c97e97931d9bc99dd32f396998ae71b173b19354e56f6f9aa2be818e2db823f3d107acb9aaef59e7b207cb9bb33751b2b74a4a8d567419255874783ca8cab452d956aada4b33a6ba6f3f4fa8f83d3c2fab9729eae1cbef3a63a08d06e169661b29a8088b3f8d68666f28d292bef2091ce66f39ede33bf95d2c8ea66d4b1035b1ac0d38d9ddb289c93a643a932c9b4ae52c6cd53596436779d407294cbaf564cad4a4812e2727e0f4d66554c096dced5e18cda5cf54aacdba6190644a2c94925a31eb3ad9f59d1ccf479bd544d1e7aca857720d5a4ed3799dad4cc96f0dd24c8c8c921f4af95716778cc9cf17974758751b2668c593229789ece9447b8f64f3721d327ad8e5d19cec0e7549bcbd079fa9bcfdb2cd4d6ae519069ea1e6f6ac8d082822a8060eb36720cec9a351cb5ab7b23a896ce8b39d4ce8c49e8b22dab85f6f9b9ff4f0ccde6b499a023f999a45b2866b2ed68a389ab61d85174f223ab08de46767052d74c67b0331a9046f2b8242d0c371841365f4c8e49981a2c80a94a9a05096d99ec69dcd1397d0a23391facf5c79d7cc734e19bd67eeca9732eae4d1293442b212ab54acceb8e7fae554d511616b3bcae99c86ced58b9d2f97a4b3ac29533d71525a716419d2e819532b711344532f6263a8d99ccc92a2a57b42f5b2e61504f0b85ac0be95d0f5340a4a5b27e4787421ccd9ac9ea12342366a06c2973216ae2b452d4b9f5272c92d5965575a6e22522c99424b6b5ac83598cde9d7b2de824585c9b04d2369ce5d1185f66c125583a0c6a3975efbc9db9c35d7f97becf1de8e6ad684f434b567567e64dacc5ae6778d5352c9c6424201a8806d1a6a9bd65983d31d39ec634c105ca7b39eed847b72c2f579c6e618b051ab73daaa29b0f514023ecd90e972de861ba033690266366da4c7643446d65c655982131f2c9ab824cec68123a8283aa2d08a2c850d019d2b506032a2bc114426ca34ae59ebe7256473b0f3db7676c9e860a48c3e9316676e63d633b6e76c922e67b0b758dbab581a7233adfb1d022e99fa82c116d15a58720d4d5eb34571e90cf42d91a9525c516cf1346823d1a91e55d86c22814e8335a6e35839fba758e0a166f1314f64965d9ecd5a4b51890d5a38694390b9688b598d926b3a755ca357168852dd9b52eda480634669b326fe45b440931b673b273de174e79e339d0baf2835d071ebdefcdf6f65e7ed6ccb03f973a95d4c3210a3415a8eb200a235e94accd83b269552902b5e432686b3a7199d2df39876408f59c5de4dcfa657a39645626f394ba585ad657ebcb07a672e489d1b8d143c666cc8b4413c6fd9d1cc9364eb59ccb90eb469f04cd5677f395d79db5a41a0e633a671ad3ccb3099973669a20b9983ac9f28162ce36dc25261a6ad4323d2c616e0823a65c896f66cb4ce8997c4b6a733339d358de8734d9de576e54de29aca1d00b89973294aacaec189b3a7b12db1749a068ab55cc52cc167c2939ea40d42109c87a909232882aad0584688169f41da9378bd0f2b688ed5a3ace52e2a305119b0e7c92192cf9631ac64d06350b9e8f9d5aabd3114140c46abc368195c4f9d63eb3734b139acb29ab1a465e934612ae6b6b1b872e8b38d6475cfb264ef3dbfcefa3d4fccf56451eb5c86c32a5053d26a7eae576bd4c3637a350eb39325874924681d0f594bae00cdd4a4266f4cef72d172d51c37c89a4b1ac0cef1a7adcc6a7f7cc3a313d7c10f6f8f5e33fbf2528b5a10a3544b4326e988949664292c0cc0c549f1a79ca4d42230a939c1c74f65fa1633ac81d1e80a2ca92a9082a0697ca3a2e5f37a9c8d01d147e2f992dd9b8d68b9d7c867406366385ad68f0e9a5cfa6972da7a81444cbeb8e57d5c3276379c8f769e02ba385c7d5710307785579eddcf32eaa17895165b46c5c728de7637a5675e2779d3b3d394ea6f35122463645956d0423922d9ba6461c2f3d06357724024e7b9cc35976a69415234891359e4bc82484b54cd6227a60c685b4f55acbbae65d0c91d8c598d999dbce56108b89d51886ae7786cc6363ce99c6eb972faf2eefc7ecd2f9be9153b3a19916f20074d030e0ea4be06abb10ae34aa505322584cca47594531bd1cf91ef8e4b9775f96f5b3adfc84a59a2ba68f6f1c774b2f875e8b93d961ef79e7e57e9b62136536278d1e2fb0feaf3e87bfe787b71a294caba66926497630672921f8cf9aabd9909433be9be6fb59edc96f6793274a32c830904b2b84c87ab433ad1c286ccdd89b51247d48c886e4253069674472612e68b421caa728fac747c77ed0340331cf60ad6e1d7b4f2f603ae5bbf3e878a637f33f7f9b1985d39ed3ce16dacbd88852c8ec13466668127cc8f48b67335099094e992d0852d6885f42aab1132ea8384d0f995d0de2854766532cb9f9d74960d23d6628f9582255cb135098543a00a55222acbce93357aac095a337a0e55d55a2d1a1cde7af71903b90646e623375969299d239de34ea0b69bfcb4bb0ba6291b1e7ec3f3fa7e87f2fd9c9b068a56a6a0fab40bc4d8b10d53b17a04ea9ad66a90cbd196d9cdf3cf6f0f9f75e7cbf1ee865431ad4ceb6c99855534b8f411dee73c8da58b2675b2fd139dee9cf87e9b64ae94d080dc1aa6195de4bf4fe69faf351b5330baf3cfd8ab58b0adb765c44a6c4565c54173e67bfe89f3bd791f6be607d3e62a28d9b6aac02a8b51a999d82881906b0a1492ddae8e86911cac378834143e115b915b596b3a16f05c6d9ce87ac55cdf1bbe7751eb7c9dba4e1d79cefcdde7ae75d2dad72fcba3f99234b76e589eef12be6f539e3f4f77d7cfc57dcf96aa662d87c97072886a28849674045eb6acbba4b935e28d9db5019cbad674f0c30f595e6ae5aa5153273597f2b394d8dd183ac5aa42caef3d0502944536aee46a99226b35af4fe57337a56de4ae57a56819dcc665a7f585c54ceab5d16f1ae658649862a93d4cf3e96ceb5a3dae695a4f56df93d3adf23e866d63d3d5eadca69ce913b0dd5484a729128beba72ed3715cbcfb9f8efbb8fcbfbe32b875cce5aae7452d31d727a33f522955b97625d2e73cc1b52b4f2f6d809b33bb639ac746a0a99ad99236d720c62e743d48d105fd1d9fd5f95cb7b7cd5ca79ac122745240d34a0aa51f3bdfd27caf7775d397ccfeff00cad570c392d3451296a1d0ea28e4d0b99ad4ae894ab2f556b0c8df3785816729098abe54ba4532c1a3e15953b6ce736a20bbcba03974d5e1db1fadd173cd33baaf1fcf4a9af4f2f9d744524fe11f4cf05fa4f8816419c724a04de8f054d0cc99bd233635a8064bb0e50a7b31cd12cb7957d4a6f34d1140655b0d77325eba2e3a59db98aac1d619099b42ac96c8aab789763c9f330656d4c109944adace45f4ce40b658a86b59cd43499aca95659a524ba358ca744a0ae9e6cfcf57b874b6afab797abfe6dfcab3d53cf45b16d0f449dc997dcbb5741455815107b4a6b2de77a58e99adeceb432fcf7d5c7e1bebe3cef9fb31c3af4b89825b5454e69d41a4759f2bd9431dc04e591eab9dad1ca76cf0bd6ef708330673a3334ec62a5674e8c2b25200ba0c9a27b7c981f67e5a3d00ca9029b082ba12f12ecb347cef6b3f2fdfdf02df57e7f13f43c98b69901ab81a4064e8715d3cdb1cb406a4aecce60ce6f5c045035684f569e74aeb2ff34cd26d8e5be8b8ed2ebccce52d37c2f72e94de2b5cd9d390f3fa7078f5d4c5f5671a7d79bbc75b16fe603b3a39c354e3d3a2c576e77765fdaf965f678e5854e10daf46ca2a9124cc106f54631319a88a7402cfe15068da39601fca63434f10d73761c1a1ced86ce83597db9988f673ed4b2b94d558d1ca1d0fb814a725ca1d0d96ae4aa133a1eb2aea142ce83cf496ac96a4efd9dc320accd5cf9a766b080833ad435d2f9bb35ac3fcfa763e1f4071af9e6c4f3d7e8c6372cea13c479f55a831468a14b996a8e9ab8af58bbc7c53ddcbe5f9d66f9fbb5cf5b59b6275736c82f59ab94d9bbc8db5859c88cf7f93532f59c90ef1ccf53897598dbf4e66c8929431b29a1e1dacc4259936c564fa641b1595f7967bf173bf9deedc4bdb14703ab63a65f4caf4ff00c2faf89c7afd0f3973bf3f99fddf94d554bd2c94a1c43acde5d1cfd6539cfaf4e838ac92b430e093a8f65b9b1592b6d72edad8ac2273d279bbe17a78b0421a4f1abcbf8fd88f2dbdcf4c169eb3d2f4e44d090b1b1ce5ad094f96e82fe171387fafe0afbfc3ad91dcee44c3525f626d9e6f3b461cb445b3b6e6508ae674f62731a5b59d0c696de46d97d0c6e83989fc35d28e8a25b314d2a9b7e7e8e4a1d4cfe9cb185357a0ae4f54a54939b502ba01ab9ae88c685a0c0bada9b8ce95b1af56e26899bb9aa932a329e8cc75a565eb226110cd645a1d3e3a7cf65c6b986af3dc6626ed4e5ae9796fb2e1d35f3adfe4e675c737d739bd739dd3921d79b54c8b98d1cd5f874f90f4791e1d97e3d5dcbbd9750b4a18ca0a5e80c9e84d36ea0b9835d3077d93a8c5eae6fae525433ac96e61b498c272d9c9a62ec3228ea125630764d6c124c9565ae7ca8c9b7b45fb712f5e6d75e7d0e2d1f37a796f3f5d6cbaf9baa8f8c7dcf9d83d30045698aba3f8d7418d083aec74af4e4517cb27a66ce48e799d42a167596dad8db365966a7a2e3b9e98cb3411e9b875e67d5c10cb3c3b723cbbe270eaf73d6ae1769c46bbf9f5b9ef9c34b74cf47bc7679b4692d5cc6c5618b58bebf38bb71d5d617952b2d9bd00d01951b3f2a7966af57d0ea5826648f5696e3421f87f33236415a5695d45259d6439960b780cbda73c2f464810390eb470b10b42724ce91d8d80e7d98acc9442f59aaa535872e72ed35a3521d734842d96031e8d360c157432029274c734c99b9d06d3858d5327df3e7b1d31b3a4cd986e64a113195bd07eb8d84d9de37bcdd78ae1e9c2f37a01cf7a597a1ccf8b65b5462cf85a6899fa9d288e42d7abeafcaebb236987db38569d8c3cec49c43256be8993a2c8c578a34529c8cceb9e63d3c679eb573af11b3a167429ca4c9d590d14baee10abb5c9bac916ea399b1e51efcb9ff4f0a365eb33a327b609ae788a93757cf7d2f0d574a9d306c391df973bbcf8685959dfab6726a637d1e357eb6574e3ade7efb1c3b6075e5a41cf67b7cf78f64b96dfe7ad4cadd68933acb3ae69cd33a0e81ec36f9dfbf0d8e81db0b65e2fbc075970b57af341d2d00d5afcb4e4443250aaeb3a58bd37af44321bcaba92a0c8aae8dd3447ce8e132c0e4e7519ebce23ce3423431a4361b5906a61c96b3a139f4b346825340ee7473286e0462ba3a650e7da06500aba9ecaac799872deb3a5959d65eccd3945b0f3d32e6c2c167d0ab4b1bc3d13956a6a974a4d9b5758d04ab94f3a4cd2d94c201ad005ec3b95b19d6270eea79bbad8d7459b672b8cd6460669461401875a2352f9fb395f44cddee0beb2bf7c67fabcdee1e84f875c612e8e631b7abab724cca3656b348bf5cbddb01df3e1bd3ceee4a94c69dc6b5fcfdb4fcfd55ca82acc8ea1a642f411d8eb1d471db964dae9f3c4cbc545313121a609a8f6817a3953d1c10f5797c87d64d5cf37339d648eae7581a4f10554e8c7b7e5d23a671d3479adf2e9978ebc6f2eb93cba3b8d3784d4cd69c2dd399c175a8cef15edcb5ba64dbc63f6c5766866cfedcce3673497b59d1e6e9e774d657cba61462200d2f3cf741fe6f21a5cce77b668d96111dd222ad0c2166acab6955ad91b2fab22b53974cfde7c9946b9c3478ddd63eb7cc2950131e0f5aced2c6f2fb9d3b246b926eb44c909692127a16aaca9352569b97f266ea5c92c6f16d89373213a674f59194b5cb284468f8d4566b26c62f2586c964b968b9268d300329686421e839ef532e271ed85c3bafe6ee4cbb3977b3354fc384b95e3334f886c52d11f99b63b7d73277d81cd15de713ae54f579c5c3aa7e6f420399323487e33b4735d79e675c27db9755e9e3d7f2e9bd9b88f5711e55ab3f4320012ce8f3d3dcba6f73ebd667a70ee7b6c6733a6384efcf779e898eade2d7901a5209a141d2739de9e19fdf9574749cacfeb8c9e867eb2d1609be5b1aa67591640e879b4596d674db4b79e8f874fa5787d5c176cf266b0b8f63f3ddb2e8634d11e9e29ebcf13af3d50649c6cde99e7fd1cb4759cae98ea32b955eb8c2de7ace1ae77be32169cf6566dc74015dd9507d675b0d572f664d3c99728e56e34cb4eb4c59c3e340e99d1c4d6754d673f66374cf3d6f170e8c6d68cfad2835a622b0b2847e93e795d99facf376fda1a72b9605d361ce9b86f2a8829f4064ccdc2648696730595cdeb42a01174396433599810ef72edce76e4e05506841b54c2f28e749e779d25286ad2f8692d431a1e72eb9d8de3638f5271e9c772ef91e7ec3e3d9cc6b7b36f8694b99354735b2b44155b4c22bc3893c537755f40c0ceb1b3ace46ce5b653a61fe7bc8e1dbc3806ab184d95d79e277e60efc0fecf32e6c9a3a871f5af0fab80f470c3c6875be1566b3a63a62ba073a9c774256576c8d9caf405b3a7c5d671d75fcdcdf37af2fcdd9bce9e2d0a4e15eb8277e4b7abcd8becf3f35d33858d64e15f2f55cf431e53a62bbd110ae743475042e5d7a9f0fa7873b737969959cbbb875c5927d9aebcb13bf2066d2d6743a73a5a23943b67177cd8b509ab956e98e7fb624ca16b28d5c88ce136e49a322d1432b3b0636e6f1d26f96939618f48ca9339736d6c6b9deb2f3b173de9f2db7cf5d66543d5e77dcabd72ad303661b945d17268c1057d562308294433661072a18de76a7119439559d7151b35c893e063796c99ccaa96a8e53d2201e7790adc34e7521b2f429693cab301971b654266888b5488aaf9d2723aa8a94b9a6796bac3472c0e7d337cde89e5d1acbd316c667ab7f222af16422ecd96ac375410c60b2e6badb3d340758beb28f4336b5496af98ef58fc7a755cb785a987397e8e1cafbfcd8bdb1647f58721c35dc72e9c876e4b92bcf4d72d3315cebc5ae8ff004ce96aa3732eb9de7d35758e85c6b65792ba273bc3f9fede1f8f7c1c2de5e88bb51dc3392c933718be9e7ccfa78727e9e237070327b4534b9a3a3b33cba6179bd58fe7ef5ce8d8a45f1d8cafc33d31a3df8c75e6616dc27b12ca12174c1856ef89de1a251b1b567ea6ac854755a60259cca2d024814e4d04a6d3cc324ed50b61c3c8b49c3d215cdceb1b3a5f1a3e5fa9f1e9c677e6bb8eb634b4eee4b6f19bd05e8335a14468b973f8eba8604d51c7ced612cabac3b5e46094d4ec3b45d659a6f20f4129a899d0e7a9d66a8cf3d27d7021518a36d0f03fc95764267f1ef99e4f5d7cddc7c7ad73aa11595a345aab40af0a8b572a68e4fae7b5efc58ebcb37876cbe1dbdcf44ceba6ae9703125ae94845e8cfd8197f368d69d9a3654a4d60eb9c5343c39dbce774c1f3ad3c3c2f43e3dd24336a677d4f3de9eb9723f4fc6b77e4d229b33c627463d0f26e6f9273958d895b2bf2dd134a34ecc35d51e5b4ed3359d9d6b65fa578fb971a4340c6b8ebf1ac75e5f93dce6fae66434e4d62c6a31e0b5c87a79617a78a3e8e0b6b36c74a71ea972ea8f3d931a097a9e1d4ad4d17edc98efc35b78721c72aec4a9319ce8ee6fa29bcdfa6116e6d561a2799c8508168f1599475ce93966b43599acfb4a15e836ad0d568805b9dcf4c5ca2ce951a8df45c26621fcebb9f2f5d4adbcbd772d6d72ebc7fb78f2bd78ee39cff004738b22d427349e2f1d3c019a50dad02100b54b4db3036349d1596346a232610543975bec6b7cd9cea955c3e416a7b9caeee97063ef2d9a06755f3f61fcff765f9bbe5d507d414f4de1867abcc18a4892958cd8fd73de7afc79fbca7e7f429e7ec3c6989d92eaf3325bb46ccd566d553c8e56911a84dbb678b5f39f369061a33d4eb393ccf51f2e4b4fc9779c3c68f07de7e998703d5c337d9e75658aea7b70d77262702691d59ceaf16ab120becd80e92cef7ccf4ae1aceb4b8ed1d199a0680ced61dbe7d3a4e1d1ce5b5dadcf5f13e5eae7396ba71fbb92b8136e6351b5753d75c0f3ce01731db38facc0f848451ac1356d6f1bfd78bfdb96975e5512395b6666759eccf4e77ce8facb3cf797d0545bd603bce5aae419b434d9b9d0a9aad470e393a7aaaced669a525972ea334cd916778a3936b3f3a58d548744af4567d41118d47ace3aeab07d0fcfd905ea31af3707e9c35cc275e74e9cdd6e73d9c4c1c6e3a7aab106bd199aac069608a8c2348cb933171671ace6a1a532e8ef0e42569bcb9e80c6c4e5cd4ed9a63588ba19d75ff002fe9725e4ea18cc9eb779e671a290aad45a9a7234f467cd1baf6e2013f573eafd7e3c05c5f2fa7dc3ab584a3bc5be472ece182469a0c875542a7441a7846ba0e3925e337466da2c4edcb07ae3357b1e6f1dbbb10c49f9fe7485ad3d734fd1cba9f4f9fb1c3cd7af8e9637cf6b38ebde3cf65ca7a1cc3a598b00d595b972bd025c4cecea4594d7c65dc74273e8522c0dbc90e2acaba299cfd2036b635a36767876266477656b2e63a2677e77988a4f4e77d64d42ce95e7d1e73b3d796875e24d0a6ec2d2c662a34e62bd278f278d0ca06e50d7cab0d103a17a2680e8cfd4993302a0a90b4dc15b20d1a9db2c344a26b133ac3ce842212a128534014fa6e1763b95cd08463adcddce5bea396be91c7a1d70fa6396ed97c313a18fd33d3f3d677abcbcfdb72c8522b4eadacb652951946483a9d23d9049c814bd292197d1dc23c38fd4d3c319d23d301ca5f3f7e6fbf3a787d497cdf74d544516a20da8f568624f4dc11976e823136a5e9f3e9fb3cbcff003e989e5f4c72db99748750be8801cb46d46dadf2873495b1acf5dbc9ad982b64e47a59b9ab853de56d19fbcf2dacd7a66b4acfb1a4b3a297505b5ac715eae23ed9fabef86df373bb6798efcc1a2b5d0e17f20b51cb431a7f9aba4685b52da02806ca55e54b4c05b1ad3c9b45cff516b5a566b2681567b0dab9892ed945d25877136330845a1acce63451f407564ea0a24caec772b9908da1ce3cda97d1496320daa81b4b35c874a69204a0d61c8d156f4558c4d519229496a0a56603068139d3962a8d0a287346bd5aad6573734195062a8339abcf7bfc74d675dbe356ae9b874c2ea21ac21d05eb89f4631378fa6f5e2c07aa6a8cc4584306a7a0a9e1b956ac4360b5e56aad78176739f4c8d99d9d192b5d171d5b79273d93cfd92f3fa365c8891ceb97e5d95e3d326b468edbb0bd1288dd066f9c75b53dbe417a3873bc3b63f9bd2c734c3ba3dae2d7ccb9a265ed7bf1e7baf2363696b3af9d23d79a9cfa68f2d46b391a074a265362af9c0379e4350346bb9da84f79c6da6e5b7fcfdb479e9a66fbf0c3f47343bf3ed3a71eaf96f56c23d32bef22d06ceb37798cec999ccbb0062a68147abd344b10141a156526acf03b9469210a39033416a5f567b2ad78749812e5f35c814c4455114dd9d2b32439f5986f34d7b0a72ed3ce7588da37330a79fd99c46de74f1b512a41722744ad4c95de694cc3086a760f43a780b50cb516af535ea45454a57a9491cc50c8757a44d299d08866bd8d7b0edf2d52d753cd4ba4ac29a2bd79afd71e4a25d3a427410a59474de65a939f1ad3836f1b59419d2f0ec676af0b1cf4f42f9de576e7d5f9fd4963971bdf2337d0e71e77da79376b5bdc7730bb5e803cbf5cd607e7ef89e7f4395db584479a5d9debe839be2dd3983dde3e73a679af3fa13e3db4f3741cd1ceb0f45cdd0843b6741c745acfc9352d9d8dcb66f70c572be5e48a2d73da03241e8327cbbd7c707446b20ea7441abdb96775cc793b179f4d6e1d3478ed7f5717fd5c5ce7ae5779a7a78f799bace56776e7e1d4e5a5b666f4e781d4c175906f4436aced61e9b969ac40d4b6cb11441a0994f8d4d440b595b6ada39eea659a165a0b512849661e83c2fbcacc1928e880996a604d1ea5691d5982bcac2b550acdeabd5d58b27a7a374094aea80b50286d627a15b5e824be14668874b52d384eaa0466a1aa2271e74c3c6d9479ccd3965ed5ad646b4a110ca6579b17b2bf8d9f1b7c15e98cbdd6733a15d49925692c3bb11b13ce89138d1f5946a6aa2e91359d3031a9cab33b85c15d1ecedbe7a1173bbb9ee98d9e71356d73ebb9c77cfef26b3d070ec3d655d06e6e56c627abf374d5e7aa0873a5633ad00d6db72fd0cef778f8dd39fe7ec3e7ad934c0286ba3e6a71cf7a301de6f979c3444be1b4b19ba52dfccec442bb3bcf3743e6e57b1a7cf44a973f08f6f0e57d9c99e988418ebe2d1f473f02de0f4e9af68e1bde5af6f92f8d713ad6471eb9bd0dbe98fa270758ce3fa316ceb7b947c691ebcf0bb639ada80e71acdb6e96ee4e9b26d83f9bd4256f9ad72eb02b6f2c6586577cf2fae73ba02d649544f35c085e35a396c334d6636630a5b02954f0de6201a92d809be5925352bac8199ccd48a90b578d2a24562acbea1424a18819462a64c88ca948e55c6946a343cce59594455a3a188d4748cba48aba4cb1ad682664b3908da3478a5a549aa74135d1cded082e32a19b033bd87072ab7a4b8719d3d6271b4f795a5be5bcfe99674746e3563739ea30e62e6330494276951373d3c3e9e978bce77c37cf610747d2f154b77974dae1bcad4c6352498a36c3bc2deff36cf9baf35a699cf11d8f73d4e743d04cade54ea31a5d8f42adacbad95c874b68cda9dcad80575b0f1fdb9da4b39b3f3af7f9791f5738a6aa89ee7a6c36367910f377bf7e7f4eb9ee6b9cf4e62d999b308d641bf276593a6e1bb39c2ed912f43c57f9a96ac3dd95d7397bce60e4676b6745d5d2bcfa4b3ea24e8e67f9e81d3086e14d09be7bd8e5a7b0d84834a84254d0f595f784ba655d82a99291b28362881742a266bc4216855734e00926a941acddc2aacf90d5e889629829867338549134452a16c02459462726607a9795d946ae64943431669c6d3ce48cbd2ec3b49d16cb746130b00aaa2ac0394422351013f2de3dc28646289a1db20a471d3579d474fe7381d4be75d266eab968657c58fdeeef86b1b786f9e94e99cadcee2c175d7e13d9e79d71fa9fcc8a6ff3d6a73ddd1172d73dfa433196baa9aced065fb7833970a678f4cd1073d972b18d358d62ec361cad4b4e8e645949ddcdaa3a8676323e0e0dc99a4b41297c985e8ba2e4e4eb3f1efa1c703d1ce6264e8c594b3a2aed039bc64e8cfb7d638fa01cdd4bb90ea06b391ab3ed1675336b735ee6e7eeb6b26ad7e49f28053dc86f191d0c25ccb55a610c169d7c3b7cf5bfccf35779537957544b390f9dc5544724085b13196ee41a9ae6cc9b2f92c3154d643ac8d11e84351808ff003d5abc4b693e4b4dc216b55a1b588a54d1ea130f59ab0a7d156cfd2854d4d2154a6634caccb4869090d1a34a3d4c90da68a44a1d3e15628e62d1225a17331a936acbb98a595d2f99f2eca66a68d4011a0687f5869971363450d1d1d51926b386e8dce4b3d05a77b9597ab50b53163e5c77a74b97eafe3f4f37be5363e3dedc7598ce3aa26ba7e3a4fae11a06cd2edcb2e53cea836ca4c6e2054a65a73e8be7544b73df8842415d9cccbb008f95f4e843630cd6c64608946a5d31b71638aef9ecbcfdb5f9b9fbc71ddb3f2efa5e603598a0c6b36d0a67526b55c6ae5168c5d145fa0bcba779b13a199acbce7a79ab19aab4c8ec93d9b679c5194f31b2516060ab296cad21bce46ac6b5986ab6ba233ad9b4ac9c8d046b921bb2f6274235116a14a336829adae4e9d6a199a7308da12c6899ab335681a0b50d3c80d4ba5184c09b2321ea912d102ad14045d414264d43095a14168d4dc16af556f13046802d1bc43a9abd2b33071bb0693b5e0d5270192bcfa6b44a0328d6cbf3fb59c23434c46c65a97ba1d07357cdc974967291b7dcf55be456d4c6ba1ce0d59ba80306a996d94d46cab9adcc49b15998e7ba08d7b2a525687306ef853ca299cc963a2f9d032a32529138c6557596b3ad0b291b015574c3563a1e76369ebf98d13586cd78e7f66674cb51cdef7d1f1d6df2d67eec1de782f779f9cf4606c40982683ef2b9a0677afae7b605e3d50e98c8e9995e85c741ac6e66d4b34d0261b9c75cb592e861dca426330d484bec2142588726e7d1fe7a2c5695de73f521b126ce6131e9f8661594c8234a3c65ba48d0ea62d47475b69c3596f362600d9de864ae8670d742ba2927ca42f4d108554991d7b4582a9568a534da174a4c44329522cc34478cfd682069741758a5a8f5345294288a82c3689145e979293543a9a91ad5981556050ab3c7c468708d2f666a2f939fde83d328465675959dad6a236379d9b9f9d6d96ee72c15e2e23cb9d59e7486cbb5a89b06590ac65eb5959d73bcba65e3a243a269ac4be828430d843682a46754c6a86a6a98d4b7a0bbcb996c8c66d0c3ad84e474779e8e51034c5ddcef509ae77e1e8d7c5a23b59b1b6701ebe5c5fb78b78d64e998b83153d333ac833b6759dd79ed6618e7ef390ea396fb3e1d3de8e0ef7e5d0995365e1984e516248aa4469d1f3d366717766e901304d407506496b4b9cfe464d189ce6d519ce9565f4677410d5974a6a6a1d73ea2d904a339e6865752c2526aa50e8c87172cbb4d16ae4f54516982be74a6a2c0e41a205ec43d354b10b59b13197d26898aad12b5694b42ba00b9523a6624b50192b55a51d4ce6ab447a5765985206017a658c05af4d1a4aab50ea38d12520b7113c76f6f38f73dd527669d96b599a82cf15cd1875f7cf38d6839674303a1cd7a1a0b92e697ceb22dbf06ab33d60129d669a1d2bcba26692cab6742a554440346277411c9849544b0ce609a261368d3ce6076f9bb5c9646f94c581d71cf7a339bb129e53dbcba4f176fa77cef417469614ba6787f573e0fdfe7b9acb61cfaa07cd682eb164d1de1f4d90b50191ce85c7a2549f5cf4dbe5bbd3991a2ba0e739654dca34521229d30d5cd465b4678890568550559f54cb1129793e67f3ad2e6bf9991366b15503b04d2193d7395b470b32322909529a676caf2bcdeab151bb39176926092359f546b23b47b3e57315d992459c8d3c2c664b7018b3a18bcd7267310a8c14f4c455a12b42d344ad25a92510314bcdaa286d25459804d69792d4178bcdee7d108c4acece9312b39ac6c620e88af36fef9a321560cac697c6bdb0d1416534ecaa6a9c7a3e9bbbe4d8e7da6309c4f9ada179459790d569872cb67635919da99d5e8d086748e36ae7519482cb9b24940ccb4e747227d33abc75a3cf5a59d7a0b414e0fd98e73ae4901e852aa9f5ef8deed6e5acceb8c2ed9e43dbc3dacdb594d95d419f40f3ba950d4c5b539be46469361cbb98a39db28e338d91bb5b0472a2b53a005734499f65c6d699c2bf4c4c56559b9112f4a0d2a936ccbeab9162ed0d046a2b3b5a9934733986c45cedae6d156de61ca9d309ee0a02569bd014a00a02d1042bc8cb3cd7a961ac8c053284861998967ec9aa8d02cc6942e2c96b1122b24aa53845ca14b51485a8a552ae80baa59bd51ac5235d54889f209431595d82a31a47ab84c75a01e8b026689a45f3669ad52d032d689ed9bd952d2028655e6cca1a9066b5dcfb2d78ee98decf4e6eb3653549d072c21aa83945912134e68010e452965cdcf4b1582f96f96580231f41f34096a359781ae3d22bc987df9afb94d997d4140c4d46a6b9bd278fd3dcf937cb77c7cf7e870174c4b3e47df32ec532d16f1e6571a5f3aa08cd4d5b5961cbdbc39acf44e1e72ad1a9513b6d397b3666a35a7704216d03592e54b60e972a20ad122e45a02c40e694b086685763a37072b354a5bd45a344676222e5d08d1cba5cf5200de7d56a1e8ab7aa6035088e959976a511293140aa179ac1592b4d5da0013143156a28335a89621ca3d6819ab4548c4335e13d7a955bc068b42a9a78882c17aab5568a1b0da286df31e5d14b4489d1b7bc6ad80288ad8b0f1b272e9ca74d557a3e9cba1df3d0b0b4a02191940979a3345d17ccb72d57975dbe9cc39d4331d3056d7d65eb39d6f5a0a19cc98886aac19cd36b0e667491a08db9ecf99841e63108965cbc6f573747807bce676c607a328f506961361bd03451bd85ee7bd0f2f77c11efcf03d3c41a685ea635977596f59ab0cae95aa884d00a4846819d4535bcbbbe6ee87ecb697a2c374b2c93964b434dbca565916aae8310a6286d414c529346c393d0a26682a3452335218d2454bc929cb24a339b5115e8ddc270673358ddc42a53225989953412ad4a6b229602cd78a22faa9546518529d2f20a2d2d42215310cd56832b496959ccce82d04399ab55e18610b09429a33340ed53444908e9781ba8201394422a7c9f97718fa88e48ce6b2e6b2de27931a71f1d295eaa0df56beb9eaef1bae5db3ecc7e7a7b94034bd0b4c654b96f239f56929ac8d57acdc746b574bdb86ba74b653d002b9528339d9d82bd2b9206971a90f2faaf9d68f1d67e74023a2db32bb611ef973790929aa2ad47c2ce3422a6c9cb610a37462342bd051136be8720fbc19969829861ac5083901a4f3a5f3a2397b59d1d66528254661e22591a825010dad28df70d39d0c4def2c650ead6f3f55b64394778cad39b6dacac3912294e47a9551e744ceab19fb0703b4325ea836676349cba9aa0fe51a44bd8d1b2b3916d193d4e7b5a6b9eba1c164cadc28bb0e75723b9bccaa0984cbb5222872acab01b57855694114053341a305243533ea1c0c7c541ab4494ab42a196a61d3b5cd6f21524191a72c3192b568cac6d7355a98b31234212910eff4e6b1206823411ccc5e98d6759cf4763a2e63a04e7aa89f32ea1acdb5959d6372eab4cecd270cd791d4beadde9cd872b9baa4a5d33a419d0aa5002a73d8b96939948d4bea00e476cc50ea2aa3e48992210e6d4427396899d010b5eab68b57b59b68f6b2a674be86779691a44a843449132123ca484b3a4b3aa104d1d1fde26b4359344a286d9864129473a48d5255cedcd637359ebee7d26616caa3d84d66e2c6755ac1ed84752faa2b4f13fcb79ba73f792b8ab56959bd7aa91591d566f1a45ab974b13796b546168ad5128c32cedb86d1526a73388d1691379892be85904cbd28c28891356ad094ad352d20454048daa90e862b5a113185350d4d5e0735ab545185768ab46f7354d595a48e4b1e5b59b3072fa2ec74d4c19bb6821cbabd31a1ac00d2397333ba14d4d32e76b99a3c9dfd65bde74b14654b48755d2a2314497e7a48d04426b5b3963ae34f52bd323f461c72d39152769694b2a86894872daf9d8509a23556cd26328a47acd4a33a98a674369de6b9474ce549a73a6f0b2561610834de67591f6c579e869143d4c6b2c258a18494134355749a58694a0a668533179d5d73d2d619658734d5a490fd969ce41b4b3a1cae6b6c0dbc6beb0746299a7c1a8771a739745fa735f401832a42ae959ae81a08a4598bb450aae244a50eaf04130e8e1d0ce9cc2c19a6a476122d597b92d0095a415e264d105fc9bfcab6843667ea452acdb912cc5a812ad40aaaad5494af5133a38e7e848474a1aa90e8c842d7186ca6f240c39bd1ed5e2f4e00f572bcbac5568ae5ab3356aa6a25305a1cf37eb3b66114d39d8d206f4319dde26be0208b9e83bb4118e82dd22a0466652e8504455cea611b59ba5d86132b1a0e963b61ed64facba006585134967503e21635625a6a6ad1ecb0d568d119a73a2f1dd3a603a09cfa5a85acc22ba211b34ce69aaa1f65e2e8b5468f37b592090a747a25a2aa46d478b156a04ae5c8a522aa1aac3ac4818b8e490bcaf2d468e89005ab1651acf9d04d572e52cd42834f131ac384d96873d1a2d1e99816805057377020f03a1290a65b262c866b4de1251c4d9d33cf44192168b507590e8aa27b115b55eab9575cf57b2685413a4243251caeaba099054e6006b301b5528354735a8a9a08cc12d425e07514399a347a5c8b21d7d452f8ff009bd53529689a1daa8de1873a5635b05f59f75b6792c75c2dd32c66e8bc923cf6bda2b9c0cf4a4fb61b74eb2ee87b59610740abd2cd9ba5872db02825eb5a56314d659a3b68b9d3ccde52521a32ad66ca3222b90f3bbe291a6755d14cea4bd8d4e8b612e34d66aadc81a2d2305b55379ba30d58f353a6610b1153a09aca66a219d172a3451e218137824c4529e4d6705404b710566b12329da660d009cf3528f55e1889a5aad41b46ad1b272bd69637cc7529115e620949e86b2386ae4e1148a571f04305ad43d1604b69497d5223420b5cf710ce6bd1b9eeb0498a06f24b235cde934648e54d499bc0e840b05587284d34367ccf969026516600411220d442cc512e50ebd001b90e414d23344232568f4ff3d427c2b97a2d45d64d02981b25a9dce74f906a4db27a6cfa3aae5977b7367568f27d4a4aad56b25d16d4c665f3abd9f3a69cb0879339c9dca492b4a0f14af0fa8814a1521a55b4703e376c692a841309171506a3ec6859d053c3ee7bf72d455ca6ad46124ac951921689a35468bb0341a05bc8e6e97d12e04cd6b2aa9925013227a2d9225eab4bcfab49c369648b458bd684781594d519285e923688d9b66c328e2292422c52d128e4f61f25e04a8b453f670b5a6822a1a92fe11cd743a17a3e5670d854d5a5cd68890a6ca45e95db6831567d46cd34cf3d7a689e4b6755d1e7359be61a53558b37481ce2f4814168a7e2f5148a1eaf14b5780cda96a2494936090e48cbd2a2d4528ccd4024d45af9bf1ea4823350de40eab5324de09cd2599da771132b980d88bdf0d9a56d592bb27a64bb0d0ed5283499a7cbc1e68a675376470093c1e88515e95e9351d5616b59d5796ec879ed1c6c745b42b284b52ff37334a90728cee79b7e7a1ea1a5347b2c6344182f08d3cc58b51eacc3d15de6365378a8d90b945328773e920fa1ade5845759b206584b41a8a848a2960b059760e45aa5250adbb20c90b59e34561346c9e012c5399889411b1cd696263227a29a54ac0d25874a83e1d68623c8bb022241419496f1ac3a21626b3aa93b8d0f42facc9a632f88b97c8520ef372b0faa1a8c1d1e891b09286e6ba84e54d4868554554a0cde8a9ea92032b290ab9d049752d160c8dc34d56893d3d6581623e37cbb9a1e32e606285aaad615a979825f6ec60fa179ba734f3bda8729ea67798eb9b6cb35989176660222a6c2ec70a29eac5283a9a24029774a4ac4ada3c39115685893b549cbce93c6da0309dc8f533cf7b7cf58f8d29d3399d3302522e364e7a82be58d1e814c20c64624d668d6a868d66baa885af431acd55ab334499de17575c3c8dd5889acc20162a226988b930b3149a4de2f5ea8cd551d361a19bc415943952aac0606ab8bb8ac59fa6ac42ad132929d05931f764ad6bd26a0d0a8d0c1342935d9e268cadad65ad4cc4d86c5156661cab35a9989264ace816c6268a2a646993a74f232406841d25a2c8931aaf5a1644b4abc01d5207439a54d02ad4f51a8b13436a094a1ac3f21cf425319367cf0e96db1a05a90dc21dde19bf363b5ab991216a2350aba8fb29a93163419cb89af64946ab112966a35287431a36807aaa4785d9595e46147480d69b848d67c94a801b4393c3501a54d2f2e72ded96c7381a3036676c36746c681d39cc8ea33aa5792d4ff002de841083a05a1610674c40f793092a51b42a1d088d6b1669a16a76c912b37824304c955a28f92246b115acdd295054c4bb2b33242d4c5b59bda2d54a3654f7359ab4f62bd1f0ada14d195b91dcacb1974a1c0f40d15d41604af03b5606e890c0ba159451651d2ac2b5e21d4c125e004da980aae62e31a4c6f552b395cd066d0b9a4c609a412d8bd1a7a190df72e53ae584d7e5a069301c83aac562f2da2d51534051a3797e33bd0e1ee55f9caa858d8b3fbd7d9a3ced1e713457a07116aa68368d07052341e2a6ad1ea3d20a2165b4f24b52660e5e859b1e535b14462e7ad5b4dc2b59e6fd56858d02aa45458d1a1c42d068231339669044f3b7674000872f537957853a880ad96b378234d68ef0c5330e4168384f8d5d258e966b15d234342772f585dd35641a598a45262af5e45e5565e6c57a7425491ea5545104c412a84aae7ba4c4869b0d003c334d0055790ade1bca6c8de52d0508545a23d861a2068b68597374489201a6a308de539468283237012853d28205832259810d6142894ed0cad17652d2194544abd5a9415c4326a241f5989bd74d1d458dfe49a7c8b6a1d48989bc29f40854647578b80d9e19aae65b351660352da7919ed89d66f2412c556f665822ca5a872c47aa94f41b344633b2d9a2943d27ab0b503041724db4e12b48cd26c0b5286853498204d335288cf3925435246566ac03288d4c7a65192daca849758456a8b651080d0729f597778234d191a4b43c4dd1a088060d58a12d3e9de33a0e5a213455a5764ead4729a0c636b48655e594729b86a8c6619494ad0a9886aa217905203ea2c990d4f9749c77a182c82a5b765f48e0fe221a633435f2c54d0d2ad5829a8a5f41b34d21d4466c54de525524b0e8315026a29102f0714f524ce66b08593d05a03272955a9a4ad0a4115af0b2ce5964ac6aa57231a7c6f5e22d788c50b9fb33b629a94a41b0f3128b4c258a06a44a2a59cd751e0d16a30968e9101976084529629454d2ba9534bc25a4519e6a92c14c5276ac16ab4dd67e9100aa9459989af52a288a769525cd065946a0e55e5b895762ba161f55e21459af4d97439499a1b9deb9030728aa04a81961197254f4fa2ec4a2c31464188a8b531593a368e4335a190889b2d21a5d7d57abe752546d0e6f35d722343a629f476c1284b60ad129456026929586d56a3a684698bf882b4810b78dbf9abacd5829493e60b29a975633518a00d0ce34c8bb9055313a01a28c3402c40668be8f5126695a04908b4e9697385a8d848351b401a89e416ab55ea698c325568981b14294a4a6aade11eaa25293d16af986eb5150d95fa5d28847379689aa61cb4690d662848c091cde7c1490b54569740146a62050baa33159a6e402d6214b303576b6ac192d57045d551421d5c62d413ee2b4098a165cbcf40140df3aa0db788d83a811e6ae765d668d740e35ed130d97b42d254f556969bc3a92e579b8990904a3881833680c963d4573ea99d08d2d662481e962cde89973372d33941a08422ac8e28a5a62072d5966af4295daa0199560cc290af456732b264b4195f514295490c8e58c8d39a4ad258b429a569acc53387a6c6635010e55984148a0123d4400e90d5e0c44a6f33394c3519a53628bcaeb42cdaf65e1670eae735d281b9226f1308ba6b0eaf3d6774c948e34a2d3786681d32361d29b391e98f50e8b50654b422d0d45661c8c4457d658a9a54a6584f02d2bd1281491acd3489a10961cd5aae77ec3ce6b09ce7ce69a54666903103ad4706ad9a6acd6450ad292e59ad08d573af4dc2512340ce818d56ad370a09107a3c35e7b81108d295496f41759beb35238b11a1aca9d719d356882a2e2098a333764faaa56af4524f12de2130499472a19c0ad599a1dac653dc9b4956852234ab5eccb5e8b521a3cfa65f5c98ab114c2455c8b2d669aa30e82d34e66f2c8d6154050541439466956a621aab93506988acbbcdd21247a1aca15b8429b309bd1142d55a1b5e286d4de2c28ec56ae5444e72a748975223c0355e33ed283ea2e501a5746be6e8f3acaedceb44cbb589ea3d27a81ace3e8a45412b49e369e55c4face96b1a3a1a4f452aa695808a7435b41aa48716b4783a08a95959de75ab95998479375cead9ac2958a6d79546d0bdad1702b4db9d726433e6c33019acb2e69950e7d3d96d436a1504757ceeb1222d04c6bc5136a1eb20d0627b0d241e8e4701c8905a6d1b7647a17615335549cabb2f2e59d06bb9a354aacd51a2ac290059aa274700d57a393e5059bb808c1a285e053e6b94b125ac9245cd32b6a15122c30d56b085af052b0cd1b08dbd509e65d26a8d01e5592d34cbeaa30aa5946b1198b27890a1a5d8c4d67434566619498cdd29d3f993d2b8ad59f2783579a4056b5f26a45a18a5f55602d04a2ae29b266b738edecebdb323af26c6fa192d0cb29f33757a79cb91082cc1154466a359792053672b41cb54c5994150a6b01355a0c266836aa54aa929689066602c8d6a76cb54f40a8116a1142dd84419b5129acd53452020257c6c18d526c1323191f6b3041ceed9a26586c4b318dd507ac9f59324d5b3a9aac91c9050de6da1a4b25a855616298ab40d8c97461090cc4d0d0e4c55cae5ea47548be1620acd4331986886d9a6818cc36b890a8c1a5b5125bc47cb611b5b2906e5eabe5068b579aa826f55a8b9a4d7924aa9ea06cb87a62a1bc816b9457aab42d0ae90412032bcd1a1899096881335d0ce6b6359dd32aea6cab0a2ac5ea7a094297ca94c41cd0d3c4255f4120a42a0cc552739483354474186e2a5411149598e9782d5e29579b25e87046340ed520c43aacfa0223a5855b5051429088ea04fa341c95cb54746299b2b52b6ad314e59d0a280d85551157b3a8aaa52a824c6fd08e3a46365c3313b09be4aea0ea8a9cd695a671a339f6c886c459d139b322d0cd510a84a0eb2b48a74acb742136c1eb0e53d649aae5447089134d66b544d6613d40a5b4b59082d62f4cd1480c2d1eab042b196c441267548ab4c44a9b10d84cb59365a68ab1080c395d0c2092e6d5cc723e6a4da099d53427d322d4347f9c1d14620c0fa06cde11b4910652b57cb5d15a215c4485ce87a288165b6518900630172f986af725ae7af30dbc8af400c433665943a0f86ba8082660965f525a0e3c4b3344b37aba58a28635a533ac934242b30e491157a255a97a4cda434108b08cb9a91355a22aa23a89ad4d329a6e5e72da161110554728d864ada762b2a8de1bad0a15956416b43373ea8da6435f337968519d5dc8fa15d645aca26eb378567d97530e96b3eaf658250d15c93440da825552eb224b9a7e349cfa4965b4742c836035c53d44836747b3496b3513d49ea81a3679aa4e984d380241b26c15729accce630ca1335ca1468ba27a03a663d23a4e6e596d59549691d5d9cad1800932eec36450632d513d5634c14c094d8582f55117d0515f50599c9665f528cd64862d7a8999ae7a265b157555ab50c365f5583c699c43de43a97a0ea383d8a6d1b0dc47aa8954f4b1968e53dd473c6f5ccd294a5aace7e15855c6a0842c75c3091159ad12a5a2961a8cc4b49412e6969b4174388749829024813a0944ad172d539a26c88a155cb906f28d2669b4da70472cc23746ecb06531ceb459ad67891b42c95ae5726607a8152e55cec4a72ad0e5d72e118ac89da5a35009952d226a8d1068b5a316cd9d60327a7d0f85a8712e99323a772d115d471a25c96d40a4752859d2e9296c5b0b4bd7b2ec59d0835440a6968e06a7335b3a2661688a38fa07bc666dc9d550a88454450d4d0c87ade99cd980289d679b70ce831336986bf395eb39917dcf62779e87a91d9a9c506f2052d588b994d999d63e6f20193b4de2340994b4fe2d0c56d642e88654db9fb288bcad5eacb9963e5761b8d6ccf634ef2d1468261aa03656bffc40035100002010303030304020202030003000301020300041105122113223114324115234251063310522461164371345362256372ffda000801010001080155c5595df48eda9ecc48c591ac533b69996d90158e513c809b98da120a4d2464ef314901424492a37b6dda24e69eddf71610deadba05a6b997248ea30a12678af158ac56334457fd5119a3c7f8c71478a1fe09a07fc28cd481471483ace2289ed6685aad6ce5bc6da67d364b69054f1ed4269862b35e68d66b359ff2052f9c505fd1343bab14c368a6e39a5eea6c2d42166f33a2a7096b78d6ec4a5c5efa850adf3fe1a06f94b0e2a7b15e02a5b2c441122aca0337d39b9af4c40cd08649483577347126e191731ef115b2f98e7b929da45f74d700ddeecd1c66b393fe2df4d9a71948b4afb9b592ce3b6e04fa7e46d47d2655cb55b0e0f57aeeea4a17107f641a9a0cec8e6689cc956b3b4abf756e51086ad408690b25bc851f71faec6e84526a4d1312ad7b2c80664ba66e2aca096e06567475628f27eab07fce6b7516a24d734b1b3514da2801f38143feb73e38073488e7faeeada785774a26eecd17458f7b4f725d42521e2b39e281c79128ab89c1f6da2c72ff006269b038cc5730c76fdc8b7325c47b29af9fa2616f425230c0498f0d6f24d8c2dacb4a8f2fb21b59d38ab8b495e206ba4cc4d3445793bb159a56c55b5d855dad31566dc18669540f769d6d14a3a835331ac2c462ba863f6b5eb90002fbfca66bff00838f26a3b6925f16fa1331fbba958416d18e92db9cd5be220db6cafe404854d42565c093514866df25f6aef75c00c64e2adec9e73b122d3f69c4b69a712a0d358adcc6fd097a90068aa425c76c56f279326fbbfecccf261162bb119d924cc8e734adc603c2e83748ce88b9ab48d9d389ae199bb9b576da155af6e2e2ae5e5cf7c9233b6ea92fa59595996f677e6bef115df131264dce2a39f0c19e7d4564ca96d404c9d1a8d4b9e240ca3090872f8a309ddb4c1a7332e58da336053ec81f6d229ddbc5d2c670f53748e1a3862697269874898da368ba454b84032bea3e2a37ea0a66c7159cd019eda6b5922f79cff9cd0a159a23358acd673fe454564eebbea48d73da96c593a944c207225456deab0bcbf7029e831a77690e69e3113e296d5646e67b6284d79a22b1409a4c679620f8c5138ab6b069416655e9464246cb17bae2f7aaa14af7d0d2cb03fe400c7bb214d6fcf8cd727c2275385f4afbf6949caa0ea26a5ceeab7533b6e4fa709308cb685477c02598eea86e4463b836fe4cb144ac0aadf242731c3a8461aa61dd59f8ab787a920427465f2af16c6c016edc036771d3888a59d9a3de89aa23377fd631db1b5c318b11c8d2b47ba492490f87eeab695a350aab6925c0c995a489aa4937924dbab4a9b6313b4598ebd04993883499a7195b6d1f7f6cb2e916d172f7b22c5d96f18948c986ce69db68b8d25906197424d9be8d841f169a22dc64adf6971daa295098e2bc0c56314a4e69c814e06cad9b172c997ed0f198077f509a476439582e6e7538b60ea7a29486bb9e4b83bccb66c13ab41b1c57545585b1bb9368bfd33d3fb224eb2edab74112322ea7d490f5d9a32dc928c2b7fc57ac6c04291ac98668aedd3db1cef2c3d35821680e44978ed1e0c7a93c3f6d649f73655a5320ef874c9a78fab1b478e29632d590b5bc9f073f0f2b1e58363c19d8f1465145be29509e038e91aba558f6ad300066a03bdf14da5c9ec4b8b1bab6064637071425356b6173740b245a3975ee59123b848c5ee953c4a4a456a25e649ed86dec4b88a38f6a5b9754c2584ea9195996299fdd2583dac64d5a5d461244a9585b80c56f9b68576bf8dc816f35ecf8db5059cb27b662622775b6b9e99086bbd72e2e63d8f15b492000a754af496c5c0c07b88d67058b5a112d4d6f64980ae96bbc0172f6a1b09ea97f06f541554e9ba37ab8c4d24da7e25d9125b44065e478a4055628e361b5acad0c8bb231a74d1f2eb66ce710fd1e5519134d207cd25f161dd24fbdb885db22a68a4946e10458e64dee9911ac4d21dd4ca07bba745315b6ba74ab8f3185c8cc564665d8d7f6c6d9b61aff00ed67fc79ac50ac66b1450d24233dd0a4443354b32951b2c6558e50f2de6a9d65e9c2b9560cd35cf58d2cf84db1cd26f39a14242284d4d313c51fdd64562bfea85084eddf42d9d93a9496fde048cc651d9b3a1579112412e594e0a4a41e45da81c4534527f67b9cac6d1344d9675693dab13f8a834b96624d1d38a27759ac2adb16fee159b72cd26f34f505cb4472a351eae0549f739ab49fa39152ea876940d74c6b796a811a56da174a60d87dcb0f6837cb1e30eeeee64163be7ec77852205aad9a4b973d2bc82e205c32a4a83b92da490d7d3a5c66a4322479786470b8ab893a8fc45689c1090f9d92ac9045d40659a7ee79b0ca523b78e5882a473e6397eea4d1eec26e7925d91220864086f63498a03241144bd358ad6245dc66d59fabb52eae5e49794d4a4da632258c0c547760768964b7c6d4eb93cd19bf71451950ccd691960035844a38ba9e27936c621eae5046862739b8b8694f722190e123d3ee3db5a3dd3db5c74cbd940a4c8ff54816222a79e49cf274b9c36196d77a80bd2c1e1f2a798e4db4666f01ae9a5ed92c61691514dcd975d18187456c937176d16fc5bd95aa852655309ed338e93ed52ed4a0b7800e69421e69a68ad085317f2044157b70970dba3738ad9f359c0add45c671432d5b71e77a03464cf80ed8cd28dc73524c0e1a4925e38b77f4edbeadf5a782532d3ff269197146f1f39a7d55e440825d56e70a856fe6e9f4aacf48373dcd6d63d73213d17b65dd52e8d3dc4a249c69c9bd92368dace250b2da433c8242baa44b2e0cf7d7370edd387fd54c7348b998698fb779b6b3008669c3cb9484c7241972d6bee9df4ad3bd6b908a8b685a0ab4d3448ce24b8b7922606ce2b22b991a3926954c4a349958ec6d42de5b300d2a48cfbd9ace195db7cba2c50bf485ec4d15b8b96f5f1599db147a8d9f0a1d23951a2a1a041b0916eab6d2acc06a4eed8bb4d92811da5bd98b639ae948dbb6cb2464ed0b691cbed96068d88303ecf3693a13d313612a69232a454523236e134a5800c117c525b8270459c6bc0db5b6978a8efde3395b9b96b83b9ffce2b38a45248af40436185b2264badbab2ef58375bbd49be76153b32b94682233bec41a7f47bd8dc46e09a7d4b60d8925c19bddb451ff00adb401f0bee14463fce2acad927cef96c5d0f2b70eaa143480021a4995bfafa9233ec56b320664e8ca06c697b7baa570fcd269b732f7a2699395df56b66267db25be9cc1c85b8862906d10b243858e58e4da246f5bb1702e6e5a45cab3b16cd073468f34c9fe16461e2dad5e6018cb6c63241e88de0b5b5e6787b950ce655892477a48a61990a69892fde296394dc9e8b68c89a1e91ee8bfe327522f5ab76006b8beeb068eb4f9b3da361760ef330126ea96571b8d5958c50ed95ee2e5632169ae548203dd979163596ebd3ca558445fee83fddd249e6566daf6b7690f6b17849df0cef71336e4b99a446fb86663e7ac7da15b69cd6f2fdc523ddc03a14a6a6d125823eaad821ea106e22458a840d73288d27b29a3ce483e5ad2ea543dbac3c4dd2c584f189cbb810e3756a169671e44533aef06d45f4a4f73609cd49b5793d30ddc0260f0ececd9a323d24a17cbf9a18f14456d356b7f2c1ec6d5ae02914d2348a32405e16dde45ee125c3487017498f813dc2a2be224bd55030f724f84bb2808acee1cf14169d33e39a918e3343bebe7341cf812138a8941f23b78a67a12e073b81a7b69244ed01fe7a62b06a1e9a9dd2e9b3dbc5116126ac1a41bafb50499b2b657b18cb1b9be92793edcaef72431d5e28adf0ef6f7ed6bf716391b54c3cd6d6e16178e486cedad97027bb9b2cf1cbaa3dc010adbd8cadd8e2d0ee05a5b7da76cb2c13c5b443a95bc9291d4730343e95ece18236db1bc76996949e84b8a9a1489b25b528da40cd36a6e8aac62d52578bed34f2cf2d6b37f1ff442f247b30198bb1121970a16ae03aed2a108fed967113ecabad48045d96709d432b50e9062f310db22c626bd30e3173a9380764ba8175e44e54e6bd6311b48973c51f0194c8d9a96d9bb7291f44f6cdb98f75a461d734fa71634f6ab1f064551e187ea90fc7f81cd243bfc5bda2039926e8c8bb218b4f0cb8373699882af5590e18dc7cd0dd32ed5b48de1e5ee2ea745dcb2df3483063dca7219dc8e7aec4f062c0e4903c6e0b4dcd2f350db96e559704d32e3908d9a64c56e03cb84ce6147cf63c6914a714e96ea308f7224fb61e645c6d8ae9f1d392392627225f4ce14dc5d5b2753fe3bdc49147b17d3b4d08cc16f145807a8aa6a570edba85d84ee32ea32bf3525c3bf279f967fc41af14b1993db1584921da3ff001fe798f48850e5648402b2d108f9679248593011102176bd55b6036acdb9937a2c3b76aea517a46013d5caa7b62d42501aa7bc798e1f731c63a6c4d5bda2a0dd24798d0f4609baafd07934b553937926c7e9ada191a2ea0977ce43897ae17b85d1543561214421aea7de046a6ce43dd4209b7e0c9a76fc9115b0b5f6c666da375e9123b33b600ad46148d2175519e68a9f8d3f4d474eab7523b35620eaf367708e213a899ae44796586dadc46a25960b5b7c664b985a6ba686de281922dad7d731ca78c0f8eff15d226960fdf480f1d3fca9c03e7715f0b2122886345597c819e6b8a38f8dd4a4f9ac0f35d2dc72d0ed284bc71fa84cab69cb9db2a41147945bb8fbb27a34b096f0ef081c2b2d4f64c5b729b7614a9cf2e450c3796933c06c8e079a43c56ffd376d313e68673c9877520c0a8a6643c3313c50b493764baf18529b4546643cd5b594971edb8d22684026d6c1f90eda3a63ba59a3b3db6c90da36a5180d3d98b69769fad2a8dd4b6b3dc3995ed1df266172649bb5b0a20c1558d808c5f45711cb88a682e0f9d1f548d23e94b15f87e6a7f4bd472f773c636aa41a8099cc74965d27ea2cd740c3b1a2b6545d86e349528692582c62dd249adcb265164b6b35efab874ce2288e077aaef2691246e69e624e0b30cd33e56ac6f64b45de936ab2cbc2b6a72b0c5437f22f05af1a4396cd0e78a48998e285a1ab4b705b0d6b12bcbb5efa58ed7082dd7a89b98e9c250ce442001d28ade488994cecae9baa1883835716ed09ee3c8ab0b5f51274ea6d3842c37cb1468dba29ee73c9170c7daf271c594c8b06248fd56dea2c132393d79f4e1292d1d8c3b3df74e378d8de064bd5add8898ef6d417c51d4638d7edc97cd228dd9279a31eea54c0af403a7d455dc3939dc79e876e6b31819262925f1369a624eab428060d6d0335d167e5563994e163d3a570b9b8b38ed9b6b86880dccd732bf0575371e7d6b0c61b58c8eeb8d47ade3ac6adafde0cd4929725ab25682922963e6936f8afa612433a699bc716e912ca44ada8c71022a3bb6bb23a7716b71c49496c44398a257b8186bdb8e92f4eb760e2adc92a71390e007fa6abc6b868d205d9579977ee1628c9baadda1c6c4710ac79a48de46e2d91d9543b46481d49a39a46291c76ab69899ede7175275a66d2c4c7d448ac40c491ff00c8439705e3f4e6df4f41b83b6106195565c94cec63bbd78473bae359727b165cbee76d725570cd6af036f9ee5ecadae40962bad285d2c4b573a598e41d3c2b2ed1342df168b1e048dab5d670915a5d31c89263e592198aa856eb9954248f736b1ed303eafd405699637ed3210a70b203f0ca6978a0f5c9a03fd8f359038a2d582f5b4af031454d32558daa38ccaf15aa2f561003825fa22a09e7e99346eccbc90433f7cb284760848addfa77df492b818aebb9e28b9add52286704aab5639a6f34dcd22a83de2341cb4b0c781b5e0278536cf52e9b25aaac92347bbbaac749888df27d3ad00c1652189ab5d365203832b4419eaef5204ec4b198c11b289ef97d8b7b716b12298ee2559245c1b346b9ea2bc491445631a6301df716fb21ff00922d4e33241d799d12ae3488676dc7d2c51b613d6dbdbc8d18935597d4099a6d62d6421aad757b75de6acb5896418ad45addf9ab78626058411a46ce01b8b8276d1b79a4731adcdbcf03ed12dccf1726699a5e5d5b902a4c6315b49356d0223bab589110649663198c85b5d37ad32c6cb6da65baf4e5bf8e1b85db0ac30a102eaf3d399b16cf652790f6eca3b8cb5269924670d146b0ba817319b8501272c106e8b6f351cc719124524a7b92f648bb6a26d881da6977c7cc72868d235ea4214356fdc4180dab5d0c48c2daddb6b5bc3032ee37376210521b76766dd5347be4cb2d8ae76d4968b1a07a6ba48d7b1e762dc2b98fdb16adc0567bdea3e2b6eec8a8db670dea40342e9719a89bafe0ce052cb938ab3d224ba5df5f41b856db4da55c29c52d9491c7bea556c832c36b1ee2685f08f892e25eae32b74f1295a8e54986d9ad2dd2597a75711044213a3323619e3bb0b9a8fd4b0c1667f2d22a6375097b4c74b815e7c1e2955a4f6b829c16dd5934a0e3264b560a08d36d37122e1ed21556e99ba692605a3bd11ff5b5b0b86eba88d0c7b6e112df38508acd89ba704794aeb4109c9926b476263778784aba9411d38a2b11c33f4e3e4896601b79960866fb91b5bc5fd6d690c01445490a771917ed7fc854bd999368b59e4cee96e25225c55e41713f69b7b07037453585c4996a8209993718a26b64ea39983a6d586758476ea373ea58192d2e120f6bccb3cbc5bd8a3f755edac4cf848f4a553dcb643ab856b58b2092115b6d5deabd15db1a4d2dc471a9eaaf7626b9f4036d5a4103c61e4ba78bc072acdd36544d98a16913a66a4091b6d1dbb6b75124516af356f6524c331cf6b2c2db5c6079dd472c401e9dcd25948de3e9d2f359111c53380d4d37385812595f606d30c6332fb055b44597799614897754a173c3dc61368370cde5e5f9226039a32533e28495bb8adc3c5673e7cfb5558d359dc014b617068e9cd56fa6b3e4543a14c8bd5a25a4e434bd0f7b5c4720c259a43fdac90cb72bdd7224b23f716e666f609db3dda5cd1c877cba97f20ddbe38629a5dac831dd83b2ba5c645b40c482fa6f4e58da693d72dc288e9209658c095e608334adeab8a9b642c22916ded9d8abea910b32b3c57531bada1e3b500e58c7b4e0782452c7e58c5300714d28e36c1aa4b1f2ad7ce1baa34c90b3b4d7171726d82baadf49bda6a792476cb4a449ef1853db1c721c33c76e0f719af835b8b7084fcb026876d6e00e0dc349ec4bc6288055ada3cb821f7c7573a6de34625ab4b6676ef1d490751b50943631673ac0031bed405c80a2de4088093310e4af5d9aa4467cc941d88c50bb94aed36eccabb9a29f0fb694c76e69a2b994ef599086daf97c06ae9c8dcd4314b9e086ee24cacb187480860148bb8629b6995774a312c11cb9512855c6d8a768dcc8bea447ee9c82fb50d89e3325af4d4c550db4a0860f664b06a861d84161a8f4d7b1758793845bcb877c112967fbb298cc95725211be3ba9fd4e324e4559905f6c925b26ee98b0860dc1c4b3cce762745d95b0649d0e5cb7a86db1cb6925b78dab8fbb05babb71776ac8d95851b69984170b74bf7176c2a1565d93c7bdedad72bc46df77a32496d199d8d30487b92e3323194dd95ec09e9963412c70abb17221be42aa04d64643b649ff00e11570972ad12c8d347be4fb2fa548488cda4696b2b755e24317a937564be633686366436f67e900352c65976badbac7e3519241751f4c5e956d8f74f2ca00a5732216a8e58bdce194c7d5a9b4b1290f0456cab2e1cced09202dd4a460db9dc306fd80c6d59599b6d430272c2693a921cd84712a6fa9817ef44b9e5b11ccb0e7ab15d6325e0be94b26e4bc3cbac5a86cc6dd525374c15a796510f4534e80c9873776aeedb56d74b988056459ada4c54fcb9765dc4d1cfce715be9b3e69519c765b696d2ff63e9816332afd41e350910b992e80777818b0152144055b1b24e2d6f0460efb5d5218fbaaf35e69372c6cf9a484b609b5d3a3752ed64228a3065d46e927fb40839228921695cb9c0df86e49cd1f345a81f8ab6d21ca896686d74f0ccae748815810f6f029dabe9a151930e86afc991e2b44fb6d3dab28eb5c6b65f31d47acaeddb565bd58c6fa9599864eb37d49e49cabda3dbc8362ea9a5c3bb3434bc80c2daee2b488356a7abbbe05addcab28e21ff8c7212c45c6e9ded174f45626eb4db79312db8d23785315e6951c214525944a326dac51c6e3e9ed14812df25a47b4dbc8eae7ec19a41c51bd2e02bc3acbc2bb10ff002294f854bebb5ea28d159bedc9711ed91a1118db5d3cf352a0c73b7c0a7455e43c9c83448dd9a741e4b664e02d967dc1541c51893935727a432b042f20dd248e73b48936f69ea48289d9c904b0e0301c869c1ee1bb34ebfb50233cc322caca0b74f1828b0eec2cc5c922981a738e28252929db482373cfd31f696ab6b52e450d3218db0e6d9223cf5c83bc5d5d2b120cfd355e225b99631d392ca4c8dc6d9ba5d2a9218d5768fbd0b858eceda547324b2c326e255921206dfa6438de38037d338dc5ead6c62997a860b385dba424b611310af106639688a350652c14cb7060ed16b761bba66106735a9bc2d8106972748efa7bfeaa76ea0ceac374477f3565646e436e92101f687b175e68c4b8ab568fa648ba9de39bb45c74f122fa9eaf73099d9734973206a9afe590547dcddf14789065638436d67b78c36cabfb536a328dba5210496ef0a2b989a5b71bdba91a485d258f121912e1da51cf5577f4dfaa90c8556db4c32a861169efd67db7d6f2da4a093ae18bc4a24d43b9c69cfb77245652965ac431ef065d3dc4796b6b76921319b5b576ed5b9489a3c3436f70885934fbb2abba4b8ba94c83a3711c529dcd6f66eb32346f3baf6499990910f56e3cd4b3132017092c151ddaeedd1acd3b12c3ee4dc4bb214c0ab6b881177325c2e18ca969ea243b248045db4b3bab651ef1c303538dcbbaaf6e5649315696cf24694e929dcb4bbe18a9b51d87996e5dfb9adaf02c7d222ffa00c11fd56646de3eaf72071f539a421a58ee1198f59ee222088e59303037e7936d0999b01744793db716cd66fb685d331ee99530c238d147ba2bac76997511f12ddee3beadada499b7c52c2f1374dedf4d924e1974b90318e9ed24ced36c00cf520e828de2337324852a6b42ea331da5b6ed8d1b2337452782c3add337112b3ed5b6d26d586e69f4ed92948e5b0641931aa43da61d4112030bf695eeb38a02bd5a4b08250248b52b6977992b4b9ede46659365a90ed57f25b4f978b48d2e39d4bacfa4476cfd578f5610ee34da91330959ae4382eaced08e6dee2497b6a4b948d044d3cf1bbed43113e22b6766d81b449917755ad83cadb4ea1a6dbdba87a3a85a59a62192f23bb977c305c59a9c0b9649b2638e0495ba4b3685b4eda92d5ad773324a2ef859ec2500b8e7149263825dbe23d72e2de211c76dfc86e506d69aea4b990c8c1c014b2e4e07078a91f6633919c995221e5c073cada7142128d5b70691326b63c24b36edfdc5a42129a312545112dcbf1c80bc669aa3498b659633e28c6462b704e4860c72645e72a8d914518f03aecc369901206193fdf728141a268f7b3ac6a368649238ce63bc763d96a924afb59aca18fba796e6263b23664d84136e00c0826d8db5e4bf561da93aa771bcbb2cddb6d3eefbacf7ace7bbea6d8d845d8afa8b28dab3a5db47f72cf72f7541a82b1e9d452cad386a9a6574255b6a2e64f519e298f39125d12a16831a0e68cf4cff00aea71c23191c0127db19a6b87c6c30dd6d6ef6d5ce0012dcef6df5bcd758d19e84e68cede2a32c792c42f99266cf6a4cfb72d0c72dda1356d6800dd35c5d42cd86fa8431fb27d4a5739ab6d57764180c4fcadd48b17f5cd70ee2b6e695f8a49a641b552f26439aeb4f272cb6eb31d956512c4bb18365ba69757d0c20a442e67129712497938c496514899ab511072b228b7994b367030b6fd3f215327a4b72ab6cb9ab4bd50087883c996495eee24cbdbe6e0e04da42cc9b85ada88bb963b290167a695ad5ba24dfa6c591a4bddeff006a13248768b89a7330cd9de91bbd4dad90950b55bc6ca322e2d1a6632b4b2c447626d2ddf16a4d190b52dc75902bc77898efbfbcb7b81817b716c62090020d1a068b356e0de76e68a914d9f8c7356f76f00c22ea379276c69a7aba1ebc91b529da29bfeba9c508cbf35b581e7488fa11c9332b0ba26493ea66393eedbde234bba4ea8699dc47791654b48c5f2e823b897c456264c999a3b6b03f72f6e92662d1c164e064008e7b874bfa6a6ea024a4976e1a84db8d476924aa65a8b51900a5d462c6c136a90da8fbbeb6dde3cc334a1018c4b74f1a32c51a481b8d2daf23dc20686e263d3b8e962a4527c625a6d3d9e1121fa7cd091892ce59d9a5122e62dad69a5cf70a640b6b2da15958dd2b8e1ae6789fa8ab72f3625bcd45c2ff005bdbb33092ac3438e54124973a0423958b5889116aeafade500cb782ce48f6aa208dfb1e7972c283e294329dcc1b1eff00751881f36f6ed21db14d673460b34168f27788f409e6ee07f8edc2b8324ba7dbdb287039ee90b71b809f3ed77ea294a8cf68ac11e2ea033ae2924fb4a297f28dba478719c735ea00f065a331a03750014615d78e31491e7cedc52925b86f820da2eec29592150ecfbb39926b3329223bad37a2a292c8e7327a9b7b7dab248a2ddbab08bb96384355e6a325ca74d801b7951ddc24676f2b0c47991ae005d8aa0a1c8b7944792ca1ae706a6b145a9b46d885d6181a66d88ba337feceb745cc5567242bfd96f756e836adc6b50e4c66ef510fdb1b92699b03343b8e2ad3485b84ea54b636f1e43703c7bb826dfa7c5431091ba550e97d11b85dd932e623731786a29cd43a7bbaf50b58c023a4b1902166421b8628a3c2c2cc4056b395722b4b8012567834e865ce601d27c55eb2cc42ac7a7c6fc446c2ed5b72dfc33a9c33c322f985990f11c33c2bb9a49f69dca58bd46e9b72f28b7da4c6a08e695cd039a279e2d6f56da4121fad44fed8b528124cd6a376939d890c526d253d2c9efab2da6322aeec923ed105af517811946e9bdcac36c5517502a3b93494624bd6ab06cc3adaea25942cb79a83bf6ac4e99fb91b2e10a7fca83db7124b2e64afa8a45b62379abf538305cb467291ea4c112363716a417a4d50088ad58cfd79009aea1c21318b7b875dc62d194ff64ba1f8e8c9652c4f8a9237f71adbc6eac1ff003e7c1ac5103e7713563a50963dee6de3b66ab88c3b0610cbb1765059d7ba9a70f90ed147e4343bb14b68e080b6324b1eea951eeb74b505b3c0ad22fa36f157d6922af554dd3c58eb4536e7c96b85c62baa5c00960d86db572d22c7d40b2dc677d3db34bdcd1583f250dac59db35c3c10af51135551f6cdc4d14854c76da1c53287ad52d3d0f156ba9b4501844f3f571b7e98cd82fe8cdb7789250a9c23ee3cb5c003060d4cc6e081ae4522edaba02da30f222174ea209032bb9b6d60c119c5bc2eea24963b18ce732e8e1f3b24b674ecaf44be69636539325d3ab668dffedaf84d8cdb3a72661302d9ababb9918c09f4e9141768e4d8e2aee741db4ad919a66e2a28566c9a974fd868db3114ba53243d7974fb669e42a6d75016fca4d2cd7448034c902f4c591b9b63d36d4b5197bade56e1401d311f27224186181c54b06efb82372ab5123b8e4da3e3a87a788c2aafbe83103065973e77d424b7698612a72d9c786463e3a65bce02513f913741b8a0ea830d9068a4606f8ae58431ec29a5f523eab493244b84b40974a55ae628224e1cc7767ba02901c55eab9e5e1b7d9107ab8d3d9df29169eece54be9aea3256272db5fd0c1edab481216357abb8e506a2140533c9119331dcdd195a966da7724d712b9e76337220b5690806682141b41553e4c6b4302982d631e14c9b7b608c4a4efb6d3526889ab6b3f2c6ea51382236575f7412b6f01aed233cc6213c8a874f67f096b2188a082c8db4b1bc8b28ad4e3836ee43028850c524f1b448f504f1e2a670cc6895540c5361059a4bc6b638492f46c1b21bd902841a997752d4d78d30d92e9d731da2b6efa85aaaee68787ca5c3167c98f4e88a513ced60c4534a3c545be460aafa65c81930daefe1a7b468bc9888a398f95b212738b38ed17fb6e6fa14942c5343d797745046b01dd4ec5daad088db2d15ddb36374f78dd56c40af20dd46751c3c9748ac36db4d19fb9374ccbc24f68e1420b6d125640cb3e93334b8a9b489106e90e83b3c4ba2944123b7f1e7c1c6c5f15e90edde20b72ea5dadad7ae4e2dacbd436d2f6d6d6c3be7941390f88d4324b30439a5b904f32cdc8c63fd76935d204508714a4f8ab81920900781169b36cc8be791484a89db1b684852aeb599ee10c66189a460ab0e812b1ef3a61864e9acd772db2f65842250646e8ae7a61ae9ed32a67d5b6019bd85cc6b20974e0851ead8a5dc91c5571a698a4ef5b38da2170d16e7cb2c32c91b88a6658b008e9aa2f79d462b65056f6fedd90aa7e98f20d418c66ad359f4c0b54f76f72cd2ca96e9347d5a4b6697090335d2388cc1672c9db709a1a4c693f8fb8abbd2444465ac90100269f12b0b796e344dea5aaddaeac72b514f2dbb6f8ee2132e28dec9b3a74da94c980b26ab2baeda324d29eeea6dc86b8986dcac79244856f03e7264d9e1246ceea7d5e6a5d664fc9f51766156b6a2e47375a72a13ba2c7b4db69e677c4725b491ce621d7ebf7c890753a6cb16ab1b1e94a638ee21324df4a85a2de749b5e8c7d4825d7e44b920dd5ebdc4ad2d75368e3d4600df25c993c45dddd476d6fc8a9402015898f82b36e8cc5411a362944fcd2b77e0ed5f35e983d288d1b652a11e42e3cb1ff524fc819a9edde6e152cfa7dd218db3b8e1d12ad2f0b42a12ecace30618422296d45f7102a06568c013410c5ee5bb6859ba51dc2bf73db5c44dc4dbe2dccabd2133509024856b1205ea2dc5f6e0418c5b21dca2fdade42627be3326250296173e2dec779eef510c6b8a091e72b34d9e140b85ee458581df2259a4832d7b691c78290615b7b49650ca56ac6383b81bc3043968ba4d39c89966b0c0a6bf3370d67788b884c96e6e241d3b8d34db900cfa774d772c68c480634dedd35b322ce3e9bde3c7376a1c9c354f147246bd38de355658e120e16a094a4f8135bf536b17d424597a557324b239ab64fbb57902395c4764904797d43a38180e8a3b64d49d800d713b379d12eba5b89d4678e5ee4ea1151c983b9ae5b0702cd62842c8d757bbbfafd64bf22e8838a8ae63d9f70c8ec734233f366387a9f00f3ea76f8b19d47dc669ad5dbb6ee35966d903e928577a2c1f947e855464c8abff00b2258077cc6e21ddc7ab8e33b545f8519a9b531b70b06a84a046f5c7c8b9dd93bd437806f660042ed70ec3342353c2bd8b8e0c89d03b5e3922069e75ddc2bc727123911f8375534f8201f50178a58e4182d1a49e6a2957e77e4ff8d87c977c52dcb2e28dfc94cdbf9a2df02325db6544fe99ba8f71a816ab7be983652ca4ea48cce968aab9af56f6f236c3a84a7d96d73b50a3c7a5c80ef3aac5b4a869aed111047a7cac260cb3da89d7256cba7110f6b04489be44896f475259ed766d44bcb2e905c6aa96ce082877d189cf22dad2594131ae95761b97d2ae9d722d3439e46ef7d36383b1a3e946c37ea33451b29b74fe43d4e6a099a4552b7b35fa2eea92f4924b7ac6770e6db5373275a47d780f173abb49b85492e3b95d8c8e1cb4a18d469d57284dbef3b5506ef3d3cf9957270146d5c1daa4f11e993baeea752bc55b689712af556db46eb361df4d4b51b80daaacc2d23ef5517490cc5fa91de1b4f3aa5d087db6f7a55fb74fd5e368768babd5966df14eb2ca7bae3739e05d3c09b539735b42534b934d11901510280b50bee00aecdbc574c20c56dc70578a7b811f82dd74c84b7ede4da0f349105a66c714aa118905fe28827c8707c371e7814245c7373b5d704308fb55e4afa7c8bc2c521b68ca37ab867036dce5a5cd5ab4ec32f711c8e4c86d618b9f50a8b28212581fc54b79206db525b065184b1854e4cf2cd0314455dc406974de7b2d74f127f61d35501dd1985b08d7176dd4c2ef90494610cd8a5b358fba49af0232bc7f5edbc341762ebba36b4d8f99a4e846764925ff006ed4f5b2a8efb4d5da25d9577a834fc5583ae29ecbd5806a7d3914bac76d374261213aa424ed32b4208264b9b82995859153b0dba34dd492fbb24fb49932f4ddee218976a413ef5edb6db11c48e91b2e5257623ed0b9926608d7501c067fb3b325a48363b033fedef5df87ea1f35bff6c4b1ae996f31075fb71fd26551bdba29e689cf29242ee4110c16eb1fdc9d119b6412dbc909c3460f8af49d21f75ca29e5a78d4f115daae71d40e714da63329616b6998f63322a26c48ef5112ade48e753996d0dbedc7aa7ce1aeae9b72a4772f1b7dc94282dcc71c28d9125c03088c4d12646c8ada36a30c2a7141e23e60444cbd6e863593af2bc60958ade4443b9a4d459bbabea048ee8ae005ec9adc3a864de0e6a5e540021fdc8c4b61a253ce67931c542fbd41a7db10cd09096a32114f96ac71c9cb5100559c10ba1cd8dac1321794fa703ec59c649dd26aba774bb81b2b994f5c1d3ae1bbe3b4824118475d2b00d6ac9d19f6546a8afdf63eade5c1b9b578640a59d5133524524ae86a78a68e4ccb69700284abb1d54e9cb73a6dac60048f4973229ab8bab7b63b2ba304d27525b0b1b730ee654541d3a588a1cc4f39e99cc9abef52934574880746e2e62d9be5923b787ee9b8b9eabeead259f7e2de0bcba858f5bd735d29225d31e3ef6923780e1f3fb327e96419c12e3e0c8071fe17b792262edc75bbb151b3938a7d3a41567a79964e949e8a189374f04f33c4196e347f56774b1add6e11452dbbd9ab5c4d6bafcbd4cdc5c5e6f9cbafd51add37d41a842e4f524cc8db8cff0076311bc50c510db4ccb1f60490e36a03235382bcd79a3304e05c4c4f0b09c9a0303252023cdbfdbc8269971fe151db83e941f785c0ed2836eda091630738ed18f9a9a5e98a8af373e1124c8c112aeeda72585484528a662782557e6371e0b5c31045457f88c472c576606ca1d51df931eaafc82d7b291d3a12b0149a8cbb464eaf291535c348dbda2d64edd9209a6fec2e1af7349a7c7c033bfa73b4c37424c253dd300ce6d2f776e592eeed1d02ae5bc8fa8c89c04d4a4ddb99e624eeadd5a7ccc920e9cc269b1d4964e7bac37c87b6f8c918c48b664c1ea2a22a54b16009edb5d5278874c2e30d2aadaab1024b8d2844bd48faaac4296cf472205ea1e1ed6e19fbd5022d7a28c8cd4566cad94948543b66d44e412ba9374b8bdb88dffaad35064e05c5dbcbee8ee58214a2c4f14171e714149a38a76f0029cd163f8c77520183564cc1bb667cf146d12555ca42a971d016b66b3a77dbd974092b7b6ca08926b9b484e4c9358459c8b69e38d481712c6c7b45c01db46fcaa845f5bb7831b0b9058cdb21262a42a56a09c43915f52df28924ba6b7e9e226986765249b783d50c8557720efa8255b94648e3d20b773c96f6c99511dbac876bc9a7591f125adaf7143b0b6d70ca10ad4b10078589ba43688d97976da0d1279a1fba3c8e73c51883fbd004f6fa779f80b672c631515abc87b57469d86e1268f3471f5089590d2db48f9256374ee96d5e39118182c00c3c773d52151f839537772561535a7de48ebb5279e644dd51ea6d4d03cf3132698c154911db6c4eff00a6ac6c24abc9a359152a384a12c92da83eebad4228232047afc217264d5e1924eaadbebc118f5d562d490ccf637c1272097eac7847ba493b2a4dd2c8a2b52c6d67a5954a6165b68b78c35b477084535a7d9df5a7687ea093711411d84411350d4d87da874c92e10f545fb7ab50f3c934726015b58ddb785b099cfdbfa43fc8b60adb5e3b2dc3b12cf3e26b5653dc21519ab1b05973d5934e9ed02ca6c64927579658ac249f268ff1b2dd9571a2cf6d1165935d9f2b157fe40fbb35aa6a736a0a16a3b46c62960c79b8b5120c06b19d7c460a26059dbf5dc23bc6a1c8ae875296109cd118e4cec29a4fd31029fc546769a392b8a94e630e021c6e20e6881f92142768e7c0a033e047b79a03754ee0789ae3a49ca80c321796c8db9f0b10127775a31900c84d3b6d5cd4972b806a01bb2e45a86a22a3e780cb4dfa281093b915188da76d0058855160719922b30edf704715b4bba9f530c3b6dd5243bdaf60420b54f703abb97aedbb70df9f3bb14b26eadffa2f9a228420d0b7a8a3319cad9c865942c97106d918501ce28c8de0866c6d11c0e4602a4446d3611c8a5fa73ccabd8da6dc88b71992ebac3153a18fcf595e4db35f5dc3da2db75ce385bc99a4c34e622c22596f12270b1fab546edbdb68970c3a9d9d3a64a871192d4b0b4a7b6db4c13b6c29a146cbdb1da5bdbc7d39365995dc625b3032d77668bfd53d9b4acab07d1c2b74d93484552e7a16fbc46753b55b6c2a5a6d18cdc5e3ee2120d42611f4d62e9c4c1e417c96e32d71ab9917ec269ad2a0ebde6e8e4642afb854534abdaab712c5b80b4b48eea3eacf716f0ab2d5cdadb2c45d0dc91c5085c8dd47b78a4977a888809bc9699a120f4e2b579697489117ee7456de3da6def21420dc59dec2eed89dd663b635d2d3a64bdd30836ed1a8c92ab56909118f0cfa52cafb9dec6d906d696ec444adba6a1222e563d73b764d74559f299028536735b89adac6a1d36598f6d8092db216d8becfb842f9a522a490838ab9bc1bb609ae5e520a5cdb99b6f50da88b25a3802a86abab41bd628dadadf6e1e4bbb35fb624d504204769697eb3c39b836b14bdd0cb04ac46cba47b55cbda4970ca1a97a7c99bd47425ea2a6a93ba028f792302d2b46f2be6974b8c2f7de69fd07ed936263097f2c7dab096156f2dd6e631c36123b1327d30ad43d58e7e9896f115d5de582d58751e1bc896659160910fdc86ef52f4e8b57733750eeb1112b99256b59667dd5069cacb9274adabd468648c76a233702a5d59198ad4f74b29efeaf488317d45d156353083c9f4ebf1a644101abd5568c83100171467db208c40e3baa4bd85321ef2da2798cc8c517c6ffd6eaea56efdfc5119e2846318a489472dbf14af8f2edbb90d0efe19b4fc703d18f9bab768c6555852778a718029a52176d265586dbc85980616d1b871949779e037351d49262bae31b6ae159c86380cddc63001083218d21c73524a15d19a43d43d4ae86ea9ad408c95b34e90fb9716fbc8631af4d76d6f1e2b1b4f699283feedad9ee5b1188fd2cbb6549a0326d19735d361de48d83ecdc41249dc218312fdc8618f03a57d72aa36d140c331846c73ff0055b302b1fa48f35d2156768d73288547f1c9e87f1d9eb51d31ac86eab295449dd75cc8c69747dca087b454f7b5c41d3ec660c98ab78d929af197c2decf7204351c520e65698a2962fa8471b6f8a183abba4a1a420059e59ca61637d6bf4b78dbb7d16c9c9e8bb9edb7d36599f69bb85ada4319fa4cc144ae2ce4f0b1aa2498a82d432891659976e126be91415a596927d84495797eebc04d42656de26b959ae126a90ade6375fe9a2de5db15d7565c17b2b4695c65f4d428156e6dae03f64d2dccdb43496570e771d213ef0ac1ea56b4add6edd1eccc92e643a7c5b581bad33a4e48b6917a8143c700f1a825b7feafa6eec32fae755931932316ad3c02e02ea116d98353597855797d09ef8b517b98b7451db4ece1e67c185a236f0dbc2bccfbd706378dd009aa12b3e4b5f69c15b115969f8405aed63504d4f7684618cad8adc48c51e6957e4b1e385e7c2c619198dcf4630ad46e93381ea84476d43242080f753328185b9e08a8cbf4beecac24748dd34eb75721ee2d96d67ea2422427aa6fe5904b506a650aa19ae206a9f4e12ca64b796c0ce9526911c4a37adabc3df51ba05de16f619328a89921de4b82998d6f9e768f098295a45d4bec5b994ed6ab7964b7001be59147592dc194ef95f4cb6552045a443b532b1cbeb199cdd1d3777574bbd681dda5bbfe40f33e6a1d66647dc8f2349fd97250252498a82468fb9187520eab8ee3cdada45005ba92ce29aefee544c3a86a6092aed9534cb593d8966833d37d266b894c914dfc76348f7ac168f1c6a0fd42288f49e4d4edca90c2e2479242ba75d49146dbdaedc0674863b9971350d4522625a4bd639a32e7cefa2735bab3f144501f15934118f98d523a2c2b3cd1c0e687359f9a6346555aeb75380f6a8c373471151b4e79c1e896e58a2eddb48e079661448c701d8f14a1cd1899f86d891e19af9c3e31d069326a359245c5496ec3cc56f3f8a92dff00d946393b862ae6e444b9af545977544e5bcee15cd2c6ec7685b191f8034b9b22b4f89621b1ae6c42c9db1cab21686294b42ac27488a2ac90c3ba5c9468a48b6811bb19370eabaab0a1994ed6bab1169526e5386c83e4b83c514caf664a56ec8ab4bc36b20945b6a6b3e36ea0f7040e95ed95d4cbcc5a4cef5268d2ae36dadbdda47d3abc88c6d86b6848ee6ba9e0ec5ab9be85c8d8d6c36090cb0450e08b99ba6a2474d4164a72590047be24611daee4edaf4d2eff00bcb6114326e065b75edab6bcb4392f34888accb2eaf2bc41075893992ff5092e4d471dca4615a0b436f1eea68a4cf516e2e9b6988dc4bd814eec56ecd32499cd46339dd69a699154c834645228c5b3c5e4e00c8b1d4dd5d55a48cc8591a46f4f0ab535db48e3a29692b360ae93b49da34f933dd269accd966b69c49d256b2925465923d3db1b4e9f0e27661777b040a4d4511965048b0619437963243bb6c31a27063be9205223374643ba4f5071b934d8e6933726c0a092456529b7efb4eceacd53ccf0b21a7d583aec3ead8f25b56f93717826e07518703a8d4adcd4b2e382b2ed39a5864922ebaa6f6e560d8ea43cf6d259286492672d922e9b69ca5e4b932a456a978ab3b5bca67ba285ec524713995ae4ed9d06b0a8a7d4cf7631ff000e6beba9074d9bac40690ea795da63ba699bee34130c0a82783604903f45f2d7532464cc098e6809a302c71e49bd89a275a5ea1735d47862d874fb9f4ec01bbd4652e644686576ea5416a598072d23b6eab3b21341d479acda77e82dce95d2c19239fa602a1d4a45e29ee9abaecfefdf4ce7145d48cb7528cca69a5dd4b296156516d86bd33c7cafa172ea292c4a77d5cff61a3e05697e5ea2963457dd15c88620c57548a5042c97d047c34dac404f126ac02f63eab719aeb4a4eeadf2d5adfdc42bcb5c65ab78ce58f038958af757570335d41465a49599f6d46bc65b7803834057fdd126813e2854e4a81b366ef774d2ba8a2b786ae9802a47c1385b8c1c53b96e6a1569062a6876b2b523a8f086b343918a16ff00ef716eacdbaa4febda91ca235c07b818cd755dc64329248aea4c060b4a5aa4491bbcb4a14668dd9dc630b3cdf918add19cd5bddb6f691fd76ddaf516a0dd1deaee01f51536a3bf8a32aa4876c9248e7bbd41440b450c68248fd4cf825a4be797b29a668ce1baa49a07aa7608f4cea1efb8d19973d296c5e3e582b014ab8604c9a7f50ef866d3da1755926921b6014cfaa4c098eadef6688fdb82fd33b653a8c4ce43adf40620cb2456f7d2645e74a03b23021652699003cf5ca0d834e9164e269d12453b0aa5ac47a7a286b84fb9358c297cb1471ba8c15b85dddb2ee5b78e45ab7285b34ea7dd5d46c6d0338a8b49270e0c7df523f6006f35293662bef48b4d6ee397e903ee8615e48b68c33731cdd4ed8eef4bc3176866620011f3e666548dea7917a6952638c0d65d4922eaf99d0031dc286068eae490ca2fd8bb1135f963b81be7dcad535eed7de62d4c83c4b72e78ab7b996db3d3ee9db6d2d8cc066aeacb0ea163616dd82642df74f56356dc67b2870732da5bc086b4ed4044bb6adae2087323bea6acf817f7e10298edeed4b1796f6e1ee7ed42c9d3ed73632b2e56d74f332f6b2c99602cb4af50824a4d117c539b652568c1689c34514e0945b9d57d2aaac5f54ebcaa1aeaf6448d56d921684f584036c4d9eac89cd4fa8cc64dd6da806b87eb04bcb8848905bea33dc42366a492001e69de46ed16903d936f7905ddd218eadf4c513aab431c30011c53ce908cc97402cfea04d68f70c0c9651f40bf4f4c93a7216975cbfde04622d498c7d286ced250c5dd625ba897aada55be368b7b08c40148b18546fa86dada3f7dc5bd9463734723c6362c76dd32ecb7370195168c9b49238ce6b7918a0dfb490be762199a96ca6910c8f736772cb958cb03563a67aa4df50a40bd4135b5d9112a813b3e456f937802e2f1a15ef9b59676cd0bf27cc1aab43b8acd335cc85d92f64ced66b821734b764b7324ac476fab964410b2b84232fa82e78f5321e69a677e1c8fd05c7f8762de516b653da97c318c951db93f39acf15bb0715d7c5172d478a327c56ec57545753f4abf35bf1ed53bf92ee32452ae5b9e78ca064e46e66f262c7346423b026d1e4c83f17241e5e6f81bcfc8e6b81c52891c914f0c99e1249836d3dca314d199536b08171b408189e63878396b5942f51b27c57d1646190903ff005d47132aed749c6edcd7160cd2b6d86ce673b54e9b3b1e4d84aca035edb4b0bfa8a70a49a366d78a2563676e131567690a65c46dbbb22bc5741f6e3918125c4e25c192f2644b90c3ea8c5c93d50e9be4b664990192ff00a41bed2f69cd7a469dcb4bf471b7704d3590e5a696de35cc57170931a33156ecb91d6f2cbf14b1b13c6c949c868e73e6cee2e208fa6b0492097a921748e6e65b9170ac29c3e2a2b2e0124ec6e9178190e54c127b8c4ccbecb7b958b832ab32a4c5eced6ec115a95cad8af421bcd4ccaaa1a3924dd4a27939468a60e51965088454afb9bb9013fd76162f364bdd69b2c6a5e9ed9cd5ad9b484627d22371f6af96558006b0d3d6e83335e69a2050f1adbc927b2df4d9d9ba6f3e992468aca74b0d1f5045a492335f4f55710992c9632455a69f22fde16e760df4e6171d431bf497a94d728d802ea5890621e3dd35cdcdacc3b4aba9fb696b230c8f532c086267c37725ac48d26d36d0a47f7c5bd84b71f7c01712f06dd0c5c4725d6db9581a7b0065edf4e500df7d68c92971033c08659e078eec9306af6f0c56c4ac52284295a3e9e93c0af5243044bcbbdbab955b74b79976d4762eac44c823b51bea30e643245d5e9c74f349370d6b00e66a834b7387a17571b8a3c76c64188af2f6e2c76466f44ac16f1e18e3bc60d3476b0bae122b48a0c9a9a605ca4724334d318ead216b23cdceaa99daaba8c7182245d5dbda1aeae255d942dd6dbdfacdd9b8830935d34d1aa37af78d3a31d9eaad1ed4375a94e432897579e51575231724e9da7497592b6da4bcc6b4fb29f030a9244fb0cb2745a302ff00569b76c8844e830d14f85e1aea3c53ea657c49a91978a7be93e653bc0a4b60a370240a40cf5381135750e326497ab510f9a505a82e0709814d123f2de901c05fa7357a0af415e8d6a4876f210e70c7d4915d6fd89e927dd9a59b268b9638adaa0d34814e69a439a049af9e6205c1a4c7cb8a3161725978e235c9a9601532ec6dc327a7bd5c82b80d2914159c7261db45883dab32fc9c1e6a5653ed08d8ae8953bcf58b0182cdc822e88f7fab04ad16041cacbd26a76cf85c53618d4fd365fbb770c11c391eb657f692c1f75162cbce8910ea167926c1e16e5a8ea0c320cda831185d46ff00ad1eca8e62873506a1e9f3b3d6c721cb7a95593aa8b74237330b4bc90a17a699e41b8ea1d6eab55d5d868d635eb3e78bebff0057b6b4e83aa4a51d2d7929269cb22f7dd69dd38cbc612782a2bf532073732c5bb356a91a9e64b850dca9882ee25a3bccc4a8ab6a9bdc6ab6be40ba8cf8863ea0cd4cf1ab8cccbea6e369b68ade252b52c16e7cc71c52b84a92d2d91ba863b0213351c5d68eadadcbcb81756425996e6ae5166daa4470ee3b0e9f04a373ae964e051d3248d0b0b6bc16eac025d09d9b6dbc9d7510b4ba4c71e08b9b6f48a1a2b5b69248838cb29c3c36b2052648e78d64e835ccb147162a4bbb75e249752b707314faa7546c8b4dbdb92dd14bcb4ba10970d35d051105d064da6999a29191ece6c316a4b378cb3441a54cf5f4de974176ab2ee2f266de41b9ded4b4e56d934d2e773476b01f371616fee86d6458c6dab9d4d6d602c1f4f96e605928ff001d946196c6dd95f29716af6f154527da15240c579bfb3755568059dca5c2c8f34bbdd4d3dc4b8c55e5c88f1d46d5525c2d5d2470c9b85edf6f5558ceb4021409ab5c20d8b16af2f686bfbf3711958ec750961dab18d618a9abb79ae136bf4a253b6869eb9ea9da898e8cf3aed0228e5058257adf46a634b7bb964c2477b6f703eec936a0fb7096da81784c132ccc1866eae16451b388fc43677128eb27a6b91e62d37720ea41630a36ea302a1cd3b2c69bdae91997aa2e8288f748d286c74dadd5f1d3b9b611b708fb5fbad75286307a975716f71b42daea105ae563975de9b7da5d5ae231b516f6546332759fdce642ddc45c0dddcf217ee018e2b93da4398eb7ef01a836381b98f14c8d513f6e0188bf0c61c76adbc35d2c52a8029429380ecabe370c7114db4e685d16f2663e04a3bb7d34f86c57577562a41f2149f3433f24edc9a8ceee57129ced8c07c353201c9ea6e1b46d2a4548981b8440f359e01ac8c668e197144d26f56af70ef9914f84036629108148a3cd6ec721897e6b029e08c0dd4a3a9dabe970325516a75556c5479c114e30b5d30dcd4c150f72307140edf3332a3d07dc38f03b9b5411b18e49ba971ecb33d040a77360933413afb163be18da91df31eff492d5c284cbb198e787b8909c93330538130c60c6dfb3b90834d37e8de3e0006ed9815a8237914117d6683995a18dbc5bf40c987d3e08265ea0bb6b783683a84915b27d88f549fcd5c5f492aed36fcf0458394cd05962450d3ea047b6e2edcae2b42b4941eb8d56d2e3a64067dbe74dd3e48d7ee5eea1d0fb5149724d75e6640f4ad2039067989cd7a8940c98219ee9f85b3ba88e23874fb88f2c96d685d8a37a56853277313944b0585cb9d4c429113147346a89227ad8361592e544c49856291581a8c98d8483ea721e1a7bd3280adf508e0855627d558d3eb5752274d64793cb2867e0ad865169b4e25aac564b76c04cb73526ade959a32dab705aa5be508152799fc8d1358680f4de49637dad4e56e50c517a496dd46d586e27c93676c641b1a32853a6b6fa9c79e92c25416f5ab776caa024f1aca4143a64b723005bcaea01b9bb8631b194c03b63b8b89261b29d8c206fbc52f8104935ca8e98d2a693ad1b5c0bcb3859b106b92dac8c5ef7539aea4ea1b7bd951b2b26b6cdc35a5f2c980f368ebb0c860d2e395fa64e9d6a83086eeca218a82e16e57086658dd54436b73b999ae23962266a7b85999566e874a60826b9b78496796fc4ccb3457a6467fbeb65739df0b3dd5d66316da7bc8db2be95d61f69b42941c49f42c772a680b8fb90c2218fa6a85b9db186dd9796411465cde6b2f7236c36b0dd631524578ebddf4f99864fd3aebe3d1dff00e12e8f7480cd2aaf15d3cf34768a797fd4b6ef241a80646dab9c9f127b72386e4ef76a299e17a9f14ce2a398ae555416e68650f2ea49a8d420dc1df8a7930b9a82e485a7ba2f432dc907e29a8000d13cd21e68b7c548c14774f7397e157bb001fd67f7bc2f353dc02bb540156b198db656cc0af0c697fed2a57de388dcbad08bfd80c7145091c7b46dac13e638f1c938cf2ebf35ed1c669071b4cb374bb44465933930c8bed48b1c962236ed8ddbe5073c5d644992884371c118101cae188dc58145c7032af95a9143785e38a2791416d55f6d7a6800edd90ae4ab323ae2ae27edd89793ceafd288c04277b46fe69f4e217718ecfbbbce9f9058492046db56701941716a226044d35bc654aacba708a1ea1ea85390d7d0210f1d86b0cf9cdf27ac8f75636d248052df15ed1f7a718a8b4fb89db012c26320474d18291948fd25c2d3dc079371ba68ae404a5d0e27191a9694b045bd6df539942a25f6aaeebb555f61ab6d46485c13717bd66c948ed80dce23b528115e4b6f027d19646dc915a2093a34962c95b1da4db5b5b2540b59164eb0fbefef6b8962384bc8a4ba21a096d2472626bbd38c5d91d869a18169a248adc6d7b316d3bb06d416d248765693a7b0cb52696189de74b8b760a6876feea8e3b489b024f48c3b4cd0c63b05dc6dd82152a7602af8c810b5c47209a4b4322892a48db96204bf8b432478dd688d0b8696cef16720b25bbfb6192792d8e2486e77a90e2eadf3f63310dca656f42fcb9dc4993ae8a545697748ac36c8d2061524dd4caa9d097273f49861c354567148e416d35149dcd611306ab98ba52ec8b55203a471a46ce789f4d9c0caf42546daef672a296a1e76d59461a44cc86d5570030853a4254b6427a76d0077d91c7602d5c2bc970a460c93dec836ab5bdc23e05be8f276ccd35f3a1109bf927624bdb5946a8af2023703235d8dbff1baf29286b7a1ee69555b1d254623952549a925da858daea50dd6406bd8a32406d4230a3175a94d3e50ef53db56f7a614085b56e6adf50d8ad53dfb464305d5b3e750d552484c5185db4d4c6860734dcd6c3f18da72a5b2d4ab42b35293915820835203e2a240be546ea90a8edaf71aea145a79cb715b78cd4232335b68266870289a1fba27f6e48a131c0352b17036dcf630257706c8dfb188a2dc56fca914a3da28fc5263cd3ca64e68c05b958e220f76c535d25a50abe0bf35915ba8b0f9924a8108450ce9da5a9db229636f8c1f95f3c000f961b5b8918eded1261a98eea507c8f06a542e7351c12668144f2ae3f1de41c5007e4f69e148c104ed149305392e61e4ad8cfd48685bb8e69eeba52f49ee5b125699741a425ae67c2b3ab6b6de0c9ac3ba953a7ccd3caa85a63d43045abd988886114cf12d09be6a3d40aa10b70f24c05258cacbbe9e09233d36d3610223d57b393909636d1bcbd229a4a43892398dac6dd471aac4b255cebcb13148a09249764ad7b7fd23d1ab8b9698e2b4ed08ca166a631863d685e37426349bd63985a6d3844b4da35c12730e9917019f4b8b19a934eb73c9b9d2e30fb16d2c766713a400edae9b98c33493624cac4f1b2065468a57119581613b5a79551311b6ac01fb96da9267effae791b1089e68a5691fad313b825ddcff00ed5924593748d73b8178e598f9361af1890219b5e771db1eb5907a979a8a5daf1f459c9029f4898360d9dbe789088c49f66392689fb67bc24741bd2bc92106d6da38d3b0c90dff00da36f690db77337a4970a5b4d8636dc209cdbccf1b75ee259ba8ab0b33f5ae19639aa0bf86d1f06e6efd62fdab9b837877c93cfb8e45bc42419a4d2a422a01387491350d6045b7a11ea91bcfd3a7ca5492656ae6ed63c28bf8659bb2aee277009b41d02243a7df8dd970d6b8c9b8b98a4c1324f6f33f4eaf34b55cf44e9f0ba0559ffe2c7b6ba8777306a9d3884296f26d3b963bc5cf519ae1a40558a48b891268e47909786e0dbb6f3eab12ee60f0ba09a5138df8867770bc348ab2f424935686050ab77aa8986d58eed214cd26ad01196bdd6adfa67a72bc132a2b7471ed4561e79ce2b18e291769a2dcf3bf278258d6fc79dd8e68b9c513f34462a44f9a239c86caa96a8586dadd527fd014c78adb4ca0f9ba546c1118c8ee2e0f84b820d0dad9a3313eddc5b831a1a7f38ab74da30d8fd12452316e2a43b0d6ff00d934a573dca10f68893648055f8461b4f86dab30dc84056dc7140f0456028573dac29bc6046ac49063247143757fd1e68279ada4f1583e2ba6df8f4bf6f1ae315b9a8e31920e291c2e48ddb8e696b691cd74cbf809819ad9fb8e456392d285caa93522b3547115a8c790c3e2a694235197f4ceccd49139a8e06cf77a71e4cda3853f6d375b22c54655db917a91c8c25334e6421c58c32c6326295a74c35d436fe19b4d551cd988e1fba1d63672e2fb0d1a4a2e2f6d9d7655b68925cc4b325a6971cddacb6e9d1551347dc3a725b316044f2edcaacb3044ee0bd362c2d37cd1030ea2243215a874d33461ddf4e58f8a104aa7a6aba35c4e73577a5cb6c371d12e5648c255da3750b1d30010be2d5c891b179752cc2a7de1d54c975175ba1496c8c066685a5f75dc13efea08eea530f4e8e9e6e8869eeac12ce3ef7b7321cac48f6fdf14bd46397377278a174f592fe553e2b2478de4d758eddaa1d8f6b6ec8a3705226156e0cb9cadc4291f68bf58244ae8b63745f4676191752ddc60474ad2449ba4f462e137cb890cb5169ed3c7863a6489294a4b1797df63a798bb5249d2cdfa50df1699455858c41b619bfe32751ef277923deba575267e0d83c801a168e6859c91dd3334058f0b7ba3c739dd50e88912aee2b0ddf729b6503156914692f37724225e9afde930d53cf7232a90ef0fbee1a4b751bcd9491322bc97517a8fbf53471195853de4087a693eb5221d89ea25bd8cedb549e17dd34775193c35c244770faa1756a372aa8db6c74b6b98baa469b81ccea887657a591f98a7b1ba51bcc97334606eeac927752cc314d73229c84be9d1b7ab6a93cc3be593a84ee0bb7c22bd36e93fb2445072277dd270b72071464f9adf9af6f7d1b851cb1b8414b3a79a127e8b1fcda50c684c3a957371dddad3349c52bb56fdc31478addb8edace0e2b1cd4aa31492311b56499d483406e4cd0e2b68a6936f69e9fc0119dd83d1a48f039909e42c270b4d867029c11c51041c815bcfc290fc5301eda24e6845b8e6a2cf2484cb02b3a01924c9b18152f938a58067751b7f957557522a35c2ed2ee3c14700ed0670062bd49cf689f2382c7e166e7656ffdee51cd6fcd33d6ecf1fe33cf38070494cf343b69a5adf9f224adf44e6b6edeeac56e5069e60bc524e7e18499dc1039f3d119e4281e031071439f2303c3499acbdb2ee67ccc72d0bc570db234b560ccd52dbcd6cbf6c5dcb2a815d2b8b7c7516cd6afe668d76d5ade32b80d6197639bab548dd99657123126ca69c7da81ad2e002d512dd6c112c9a7ba2e5ad6e122815643b18e2adec56e7dd3e9f1ac4c1204bb45d8903ce70efd6712d349234eccd34c8efb234bd65611d48b239198ed19663b0ea4cb98cdb5d21909a370a9f7523d5a2c31ad435d2eb846bc727a834bd51ae90a3f45533baca11d5c9ba5511ee611810b01af02902a8fe3c58cbb4dcec6cc4a245a5823972eb1428f9d9e92a11d51c08db76dab7d2da4c6d934978e32ea1a2746644eb6c60b0c12ce58a4d14e99ab3d2a254df38d2da63bea4bf936a18f518a7da1ea2b76c7ddf4b1068d58461c0a7d3e42fbc43724e60a5ba86dc61a4d79babb96ee776393cae30e77912187507b77dd5f576e89dca5af9beea5ac70f836f26ddb2cd630c2bba9a0995bb03babec68e46b34668e6bf695852edefea453843b87d4240fbd5ddddb342e240b912dc6c42ab2bc8e3942e1b0166715eb3747b0f5867b7737e52c6776ea4729e0cbbf02a3b691a55090b48f73e9e92536f174469514770922c96f60c8bb2dc4ed10ccfa91b7dfd9a4a2466491a0663d92dccf1a8206f454d8a55478da3158c5638c524277e2a622319aeae177575335d4c2f2920dd967980aebe4d36472a93bf8a76cf9ce056fa8d878a91f2714ddbcd236e38ab80dbb88db63ed67f770bc1cd79f21b9ed46cf277e462b26afa62aeb81b64199237eddabcd6d39e2e9780f51e64cd41192325a50afb45d302ca03462adfa61288225dc2673e2bcf9857f78c50079c468718a11e6978adbc7290e1b70994b1e1add53dd128268ff00d043f24293c4801f73a720549014ed4518f2afced38fd0e780b1e243418e301e32c30c78e016f825bfc13f34b231a467f05d3f5d2dd80043fb2156b143778ae86f1826003c88d050014e69f1f2a58f1423db45b9af8a079e5989a8c9f076546f22702e2c2795b7d4b0083c40ecea711dca3975a8a18f8c3ed6e182211c76c7197a9e54c23569c7ee1157633238abeb18576858ac12d8f7431a72115ba2fd2674900cd3428dc97b2ea49822078ce63b5d5baa4c6a2fc604a62792e51aa487c1a300d856aca16b7c9908498e52f354d9182b26a72926bae7248b78e59dc471a6932aff00f905e38391752412a9da20ab29cda676cb7b2ccfbdad2e3a78958dccccc7297b3e1929ba9376ca2c9f6f64827823156114a80cd25dea2b1129169965198374ad140d248b569a6f41ba92fd4da40d6f0268f1c78dd24cf2aed55b4545328b3b4eaa86945a63917cdb98a9c20edab683a126e8def0321a9b580b8c4b3b49c9f52c0ee0f7534a46f92ea55c54370e189a336ece5d141dd524c18725f34c454781c177da5098951bb86d1f37376f21c49b1480a67548092b239763507f5e68fbaa3c10c2b2168bf8a2dc53b1f98dd0e77c6c0029422643caa9ce69213e48b70877d003761a58f15c5038f11bb839529f9545a84e0eca8eed83b48ba6dc5bc60b0d4b54848e8d2cf093832f4d54145bb93e657c8a522b0a7c2841e15039dc473c5306522a4c1e0ceb8a4ee14ca28637608e2b1c57238adb423a643e6ba1cf24ac7e632be4679a8588936098ed6ee9a22ac02f47b7272a39a91c85caa03b4e6253e008c639c007871922a29f2086128865356f2756892a6b05cf36cbb720a653cb052dbaba218e68f02bba9452479ae9d702b8aedf15b01ac6de2b703c547c562b60c549cf0aabb0538df52b48b4bbb3c139f32ae2b678c94adbbdb93b147308de69a10791d21423c7bb781e37835d98aea293ccb221f0920c71d534448fcd25bbb8a8ed557deb1a549186f122b2790f9a38ae2bcf0386a1c51526b6eda58c1ad95b31488aa33521cd43dea4ba3bc536d2f2459db246db64fb700e9cee1a27144ca64246ee9ed2fa85fc610c2ab3ee4551a6480b9abd38924ab79cdfbacad7ae37559bae4d5f48ab3834d751b23617524fc9f543d4dcbf578bc52589794b4715bc88d8067ea0e1b85c8b3b8697ccf68ba803d3d3b4268a426e2f3445d9b608ff008f409e6dec228071d14dc271b91dc01af4416e49090bb72b6ca0cbb25fa5654d41046a4bc91ce6ee40b1bdb222ee92110ac80275981c2c7de2b5b531405822cccab02cd652a65e6b706e1fed4b60db775248c57a6ca618543575767719671966316a6a8362aeab2a26d597529db9a17276e5fae4e0d5e3734148a9ad3a916e3f8f1e28cc7c517269a42b5d6f81ff00dc562b77141ab7640156678c54d7088b92fcb72ccd9c2cf72d2615b6f7668c9b7c6e2c726dce4907ff0087ee714899a28315c575b15d56f34d21ce4ab9350e0a66a170c77171b856de2856c6a8c30e0a83bb751df249b8cb1b039a59327b872d9ac84e6a4b8e90e5a42e33524bfb8f2ce2b52b28a080f46cdc32b6ec9539173de14d498dd8a94fc1da49cd4848a23232510e384889f7087e6844b8e70bf0d37c564e28d1e0d2be2b760e699964f74ccc080231b4531c0e41ddc53360d4729ceda65e38c1affb2c71e721b96b6428c5893bb9a06b771c1e78a58c1e2803e2bc1db4d92769085685141478a8812714a8a2a49369cd348ac3701cf818f751614ed9a41cd339c705b3eecbafb4be322b8e2a442877a8c9218ca78e165de4108e3cb2cc3e0cf9f19734413450d748fc74702846a28afc854fdaed159fd6edbe3ad4a415cd392a3757f78c32a638223cf93da6bc78e9d2ab7f82078a7e391ff659fe6964dd58ddc50b2908e63665528f2e8e666cd74dc26c0b6be09d9ba2095650dc40fdd756ed3be4259aed292fd2c0e57e99236731e9cd820cb0c8b85096e1f3ba4b728bc1f0159ace43fd7f4cb88c192952e26e6ba5701f9b3de9f6e5b6956305a5122ac67a627302b491acad259b4c9a15fc76acc246d62dceec7d522930a925caa9e358d5fa2446b1eb33970ee3578ddf02eeea457c0b4ba91810c74b1b0cee2e5f1b4c5380416835b633f65e58acec49dfd0526bd5474da9947211b5295c619f54c55f6b0d30012c35936f26e67d7a2a8b508663b8eaae9c08b7b6735d6f961293c22c8d9e5d896a23b570f16718b9049c011fece3c53c3918a6b7c562a43b466865b93d4aea71fe1dc0ac66b19a8e3dc695f678900dbdd804eea3260539eddf4a77788f1f2c73514d8e28e5e96dff0065686079c29a751e0104705a2ce0d4633ef46da369438cd1902a66b7fcd7f1f822995ba8b63157a68106e668602bbd4c11aaef68638241ddab448b31115be58e2858ca719b5b079466af34c943050b6e51b32bb05f6f51a43dca553348dbb9acece020de4508b2f932c8b9c8670e322bd46d1806623dc2634b216e69558d1839c9e993c965e2b3523605407777191d0f8942efc567152f3c087f427f39ab752cd458b1c02db571514c141052ec31c542e1f358ad9f002d6cf8a6c4639561e681dd8a69681dd4c02f960450e3cfff0056e71c90c73cdc7729c5b383903c548c4f0228d98e28a01c5343f358cf15290460785a5c3734c7ca8663e694ed619978151b98e639851989dc154715bb1e1c92323268026b38a14133cd1dab4c40141b229a863143c5478c72578aea2c785a9622a77ab6e61cc90f19ac71827c507cf9cfc563e29b9a626a53dbcdba606fa66c8c87fe46b11286e75d0e819135b9054faccaf90b0ead38c0a9352742431d7646f169a8249eff0078c9ca2e01979c8a92e60b7701a4d72346057eb1dccf46def2e7ee14b57dc3aca9e9808eaf6f563002dadbab80eb147b620f5d269d8e25b667e1a58910102d56dd477041d335268d13f022d120046ee8c03b229fa307bee6d7aec64afa7b7e0ba5ecc3c93690cd0ed31e9bd2501615e9a14a8b425ce5a5b48639021b8812d8fd8ded5bff0065cd2ca6baaea872ce4d2445a820e05347c1a419f2e9c6ea45792ade28a4936b750ab6621de699b15d62bc88af49605a4973dc0c869467b89e4e6ba9db9ac80701b9c8023a688b36292df1e4c2b8c53263ca9e70360f71dffa7526b61228aed35ffd9dc8a8c0dbc2a379a61b682d2714f37e848afc1ecf0370ac8a25473534c3cd27228c74405a02adc167e52f6488fda5d66eabeaf3b0db4dac4e57691ac4c83156ba93b9cc8da908bb9adeee2b87328bbbde91156fad44a39b8d6e46398e762c734edf02125b81d3dcca1a3b60030172feda57118ed99fe42c9f349e2980f9dcb4486ad9c52a628dc156c534c5b92b397f0724542d9e29978e11428c091557c07e4b5447a9e3680775376775673c545edcd472658a54f8c762c59350daf51b2648d526d801145f03b672557250e63adbce4be5fc472f6e684c0f9ea1c8c1709c29900aea542aeec6a28028db4718e59d7da11156b7a1aea2e79df5b96bff00ac066ba284f6946e4d185c9e05abd7a46028c7b381bd7c1924e788df9a527e54fc8cfc90c056efd2ae792485a4a638f299f9ea738a396f18c791c7756ec1a47f9a12679a12d2d490f1c49095f39f8a5e79a029b239a76c0c8e1ebd2170448a1517a740ae3878c13ba9631e6a61d35044e0c205432346a1aa52920ea13edc88f685e4ead263655cdb9da95e9e24e0dc5945bc031d8c527b62d3a118262db8004f6493c9ba45c6ddb5e861f99ee1210cb57336e9912dc3387dd56ccd2fdc796350b9a96318c896ea24841173a8f5fdcd73fead7124ad96b7ef07a9d1c1a594a768bd1b8a8a8dd6da3c29b91210b4274029c2aa9713248e4b35ce09028641ac8f9ce0d0968e00e4804d7b7c20c3eea328c9ac6380c4018a864d99ca2eef2dfea123028c60d4828467fc471fedc8fc4c98a8eed95b14d364ee19c9347b6babf20938ee2847151631dd24e1780b36ee2a29735bf2334aef8e7383cb7fd326ea97785cac0dd99382de13b7cadce382541a7ede0aca07251b779753f073f94e08e52deeb228b86a722b793e239b1e56f1878176554357d5199f917a734d71821a9a4c805bd5298da3add5d4eda375ddcf5b228b05183248236c52fda05844e198625bcd8ccb5383d32ed0cebc65e5c8e5589f054d4e1d63dc05c33fb62b82d4b3b38e52e437b63cef6ae0704228f693dfc4fdbdc96937e262bc5dddf25da3ad4cc5fb458cdb728414ce68e5f81b14714aa5320639a9ff00fe231915bb6d18fa8e0054ada0d4d2b31edb4b8ea214692407b29184745c85a666ddd91f0b8a7c9a8db6d2ca17c6f2be3765ab229e403c3b99136a2363c8a127e34b2ede289dd5b7f6bc51739e1256a1231205198f90ceae3ba7d80707c5188e3342e318cadc61b0792334cf9e0070beeea0719008cd6ea27924891b6e41dcde55181ed0bfb6503ca21152b91cd249c50b85a8a4e39ea9238eb1c66babfb618f015c1a9dff00d7a6a46d1b3a5da565da714f27ea2eea6d3d48a5d2f8c16d332393a71236d7d2cf4c2545a7055d8f3694df1f4976e40d124ab78e645dac6d2591fa8648e56f3e9dd4e461946d55b878862a7be2a30c93811f6dbea8154ab8baeab73d71e696ed71cc9763076fad1f3eaa3395925b81c8a92604066f510d437099dd5ea232d5be323710b13f724972783249321a1a946abb6bea91fc3eb3d438a9354122eda9eee3639af56b46e5479172a292e22f937312f84be8fe7d6af9a92f831cd0bd451cfd4928df2b1e3d7c2072ba8afcbea29f035315f515f98f5443c1fa942a69b568aa5d40119a1a9a8385fa9af9a1a9449dc4ea395a5be0bcd1be5c64fab8bcd36a40f69379db4f79db802719dcf1dd2a78378315eb71e06a1f064d414d26a03e25d4d15729f51ea1c57d4c0e01d54677535f44cd9a4d4428c08b5545c16975689cf23518be3eaabf8fd5053ea48578faa64f0ba8f1475303caea1bfba96fcad7afcd1bfa17b47506f15f503526a61bb69753f391785b909a832d26a0c29ae72d963798ed2b725ababb7ddf53e9e6a2d51873525df5570c2f726bd58419af5e5d78f57bfc0d436f695bd2ab9a6bbc0e0df90bcb5f12398afc1c856bf734d7ac7147506f730d4b029f503524fbceeaeb6de692f029a3aa357ade7005fe70b5f5261e3ea673822f88e4b6a2ebe1750607b4ea241a1aa07068ea585d94daa151c7d608c0a3a893c9eb7e542e367752dd66bd570054ba88c51d4e4f34d7acd5eb79db525dec385f5cc5772fae6f23ea0dbb00dd30f0b7922f706be7a6d49d3cb5eb31dd42fdf180ba9c80d36b0e382baa92388f506f343566ce286ab279a6d5e4afacb9f0daa381823506f1475061e4ea0f4f7cde42ea4ec315f53c0c192f8b81849dc0a5d55876d36a921229f5673e56e981c817ef9a3a9c8b5f5670d851a8480e29b547185a5d4a40492ba9b1af59b2a4be311e46a4cdcd7d4d857af66afa930f3f53fd8d43e2975814dab81c037c8fe7ea4bf03542780752b8514355b8c72356b87cee1accfe48d566f96d5a6143519a41cfae9fc04beb8a5bd9d5b99b549437db3773f93ebe61c51bb9cad75e66145a63e448eb4243e684acc79cbfcb6f1835d565a4918f27767c924f8dc557158dc37d13b78a4b81e68b9ce5225de7bcdc0f6d758780136aee0251f19c8c3781424dc3202738a678d3c99735bfe6b3bce008f9a91594f6b493668c878ddd4dc68af6ee5e9b377528cf1432051439ae9ed39a5970384b8c2d2e5b9adac38a4414ed8e28f7f61787a1ee120aea86f0d800025a35f26707da8cacb4bb79c363db4aa686390b95000694a81c2dcaad7a8493d8b331e5bedb0ef69936e562955cf1b97c828a68c4a0f1d5c1e77464d61718adc8380a61c70f076e035b213463eea5832335d4dad5d45f2ccc7c24ac21dbd58e446f69dabcd175e0260a705dcc7e3ae053dd213cb48c7c4326df06e326a72a40351cbb453debc637d25d897943d6ce68464d0c0f6ada039725196816a99525ee963f181b714d1a0c64b46c485932aa0d19d7c54c42f6ac36d98fa824b465f7080e3b62915396761b72a9271b8ef57e5959635398d968c80a9a0d00526bd62eec51788f21678db8a55552594491f14f3a7c25c1c51bb440020b888aeea497f4264192e2e908daa6f22f042ae0b1668f1595cf3bd3f133c4a70c6f07b6972466848c6bae8dc3bcce0f1ea46792f0b79fb39ed573e29e546eca8ef624e2bd421f115b890f695910e1657923e0acc73df14f938a7b865151dc2be087bb3ed637395ed6bb31773457a3187174adc50eb3b829199e56d912f554f734dcf3ba55f6ab31620348598a52cdceda9e431e29668f3b543b9acb9eca47b8f913381de1ce714b338f7062d5d46cd6f07c8940e292538a3263c90c9dca1d4f0ab187146200f33118c2c2dfef843e387e042db4629e6da3750666a93f646ef2481e406c72595cfbb1b4545bdb8a95b1db4c7e594963c4932b7614254d4cdd4e29874b90b74941b70a92361c9894819692403c6f917932ddb839489d98505cf7d0ea0192ace721d236cf0d1b6de1b7e69518724c31498a26243b6a49616e0b8894f2150a8c90179a7902ad36c7f2a91eddc2347cd3938da53b9b14fb53c0576ee730915d093e24b65f0cd010408d411cd74c96a92dd22396eb7ffab2c578452832584c0f60b76939904029add6a349bc36c614c09f72cbce04778c5c871d07346d36b6e0b60afdd434f44ae8c2a301ac77f03d3aa1087d35bc7cd6c869e2dbc8c64d2a718a16e84f125cac2d85768d8e5d1f9dd4583f351444f716689873d45f118b991382ac0f26531bb0458ac639ceca9b4892d862ae74eb6438b86b5703edbbdd0ed36b7320e26ec739acb0eca6bb48e3d89d5685305afd5785124cddcd3777ba2be81582cbd4d3240454d6485b36877280246ba58bddf53df908f7a1860a6a3238da893ce18878577f29243939a4b553ef58e24f133c630f4da93670905dc8e72f233f9a6559062a387656ec1e77467c245fea622bdc7d440c3204abf135be3911c195afa77cd2a81daef6b6ebdd41c27b605de3875de40022919c8afa749e4f4d07bf16d10e6392039e988b07edb5ab11da6c59c6d93d151b631f242463c7a55ddbe9ad971911148eba9db95694bf6b35ac64eea1671c2734f1e4e403bc8c4a11bb64167d27ea45ddcf50c5c834edd1cb2c53b48bb8c6ee1bba40ec7730dd27bcdbfc996256004525aefc622b1e73235a263892c23cd0b15e285b066c3359ed6044ab705f349004f66c988e0dc7a45dcf6f6f6f727aa905b3a1c54d1ee256a0b503b6a4b7c53594ee731c08f10ef921cfbd2264f6956f9443f974a52a4d47b80e62ea48c493193e1a396999f39a7404e42cc17dfb54f788d8eeef310cd6cc7147729eccff00bb44edc0dad417a7eeeb23715b55bb8b3b6085b77eca6b8c7849d9854bcf34a37f82847b7a772075157ad2601ef8c7775cb8e5176f244841cd07dc7927a6f9a96574eeaf50a464a4713b920e0506cf80cc69b711c08b3dd4a15a8c0c3c4b6dbfdf848b2a2e10cb422edc37a872005966ba931b5647c0a8dce70fb63192cdd38fda12788f065746c833093fb3d5c6bc0049f6b2cacd912939ee3d73c543d7527722c99ef65da7703b0af7ec5f8e86d15226f1b69102796d4228cedaea96e614bb98f3493f1cac857bc0b8dfdceaa5b94924f4fcc92dec0c76d7d43a4f8a17f13d35c1037c6355cfb9af9b39310b5f291c81fdcf72aa71505c2b772244243ba8842365089233c496aec72b2d992bf6d6cda3392738cc73313c88999b831db7cae3030c2609cacb1ab72d1400b7634938c113dc994e651d58b9533093978e4b52c45d1b7b574ff8d25b491900cd6d281be9eff1c3c5761bda64ada6a1854f9e8c74f1a20caa41bfbabd3a78ae8c2a6a4862af4ea79a36fb7d96af2119503f7d87cb08fcaadef4fb40bc19e5afd2bd542fc159a0fc44e5ff00acbc87921720ed4c118a66543931dd472e765d7f20553b1b4ad4ada550679c598cb56db62b910471856125c3744ef5b7d66241f72e3f90993b228aee53cd2dc1738a9af5509de6fa09b868ae155b1525c8f98ef3b6a2bf461832dca6321b55753916da9ac83bbac98e4dc5b9fb556d66b11dd1a4c47bdee2451f6ccc5c8255f146441efb996197801638d32161775c51b578ce409e5c6c33c91e46d32ac8a097b944c256c2bdef22c47868630be278d245dad0436c322985bc5ca4178e877a5d7a9b83978fd446bc4b6a011bfe9e9e41b675f64373749c0f5933f092eaf2edda45a75077c50c09da46dfc52e204c909ac5b67152ea76ad4353b6fc12559295b278dd8eea9750822f2b7271b87ae3270af78e9da91995a3cd451bb72c6dc31c994bad3be7cadb893dab185a90aaf34279b1ba9e7ed05ba8ff001b9bcd453b56f3e6b7f9550cb9da1b66eee10893dbd2dbc82893796454ec26c829dca4bc6d95134920a5eb32eca695a020179fab8c46cdf1349b73ba49cb2802364e0535b44477c6b0c7c54cd1e6a3bc41c017a923155de3f102761c32dc3508e5db8a55940c534727040815f93269ee4ee564edd927a742bd9d03b708b941f71d67e4c5d5bb5eea924b89f1bc5bf5783143245e20bb91861bac6a58cbf2184b16056e6345e4ddc49196f70b24f242ece145b3bf263b6d9e7a67c335bdc798eeedeea7e18595c06d956563712109249a7cb02e29de751c3594eddc6342ad939046e95043f85d78e0a411905ba51838a2819f14f68a324c919f02de150dbc9b6859bb36a2f0447113cc90403c084e715f4b8a66c547a3ac5c960b1791dcb90e8a7c2b3d4a26f996d5a5f70b5893b5fa4abed732fc2caf9c33b5b6791344388cfdd6d8bd6e89d8dd60c387b1825f77a6b680726f2351dbd798a7da4bd94ff67a9753b8497aaa0b30beeb1cc7d0623b6112c3c3e57f21fb042277509a3c669ae63e36c7d263525bc3e6964094841e4c8a98e0c6179ada0f15d04f9e9c1f2f1407da90c6bed318ada8b45760357106e93b16231005fd477e6dee7aadec89e689b2aafea07dc8e09613d8ad27832c72b0cd3829cd43aa8ced9a392375ea082fe4886216bbddc19ade3964cd369b12f7d74451862500312db7b2312bfbbd2b1a71730d2dece38a8de63c98a66a9b53486a3bf057793741f18330a6981f0d28ae9ee1ba9607f70eab83b5a4755e1a3572b5ead14ecae94bbf746d1c98cbdedcee3dc249e0fea79279fcabdd2f0ef1ba9dd1aa5df82d80b51f48f0273043dd4da848c398e50c06cf4edbb34557ff0060bcb78ceca5b82fc44eb2e735ea654a17370c788fa69cccf736ac76d3880721eff2ed0c10878462a3ea1f70d3989dec53a4335be52f9686ef3e64ba554ea05bb9ff00b161bf775dced7129a0f0b6305caf1595c5326e34b64cdc8304a792e37fbd62e38f53d3351ce65c8a8a52ac51fa063ee82366f12182497988417231b9edc134d6cb42056a8d9538371271f6e3b82c09a88063b8a0fc80688b1cfa844e0b5c6ef02362c0d753630352dc9f2a5f752d8c6692c522e68809c518a5da0247394ed69ee5bda8cc3dc51f82561ccad91f773ca16f92afef134ce5b145da21cc775bc600ba0cdc84e37127f4647149dc32d2c4719a338438a6bd6cf689ae1c96a82790f1238dd8a9278a11514e1b9199241d82d26f3422baf03d0ca79985b88b9a3d8db924d4ae137742e8de48d965595861c1b98b88d755b98cf7c7ac4529c4be851b0d08b7b9534f6c5854504d1fb2313672d34065f7be971b1ee1a404f3e9fa4728c249bdcd6f237878667e2ba139e1b7cd6e4f474bd4ba4dd6bc3afdb39fb72eab2b122a5bbb82c3a7d77f2c6ef02bd7cbe45ceb8d1e56a1fe47bb878ae1654caf5cac94674f996780796be8947da4d68f866d55df88fd5a3f12ed8d4068e3b9954f75d5c193cb7515aa15ca0ea4ca64ed1d0d8a088ccd20c225bce0f6cfd68bba312b236f2cfbd3335bdd8c6d2d73fa3211cd40c9277535ac7ef33cd1fb553a410028d00a5489f9ae9a8185e8ed15244cc76b74a5ffd6d0dd3d3472a7b92d63f71de61fe9093c9e5a1543992e25889c93a78b8ef3f4e117b61b62e296054feb8facbe2e355921e0c7ad838dcb3bbaf510c4d72b84b88ee6d24d979031cfd982e937f4e6922cae2386076ec77b094f315d0bdb76da7ab3c9e6295e47d8f0e9fbbd9d18e153bbeaf6f9c57abea0fb71313cc8dd16f37b72c8fd18ec5e751c0bf23969753edc1fa80897b61bc5cee7eab17262925bf6c03149758c13eacf2c9167dc968a6898e16e65bd5f246a51cc3150c717be92dd3dcb3dadb49dd3c76967f8b5bc32714b0eced8e307db5b4f966e7b57a31c830c1624ed5ca7b52585c8e65b09036e8523b841ba5b78c6dc518c7858ad421cabdb4e0f688f22a689bdaeba7b4947f8ea7e7f49e8ff5dd594d72417874f0afba8451a8db5234de51afd6338124b34becf23908adcb32efe156dd7f35887c16c510197868673ecea5e427146f9986248648a63b19a28a1e42c8a5797b559b92d63b7831c1228ecf4b2d2c2e453427c34ba642fc95b529db4fa4e066a4b319e63b08451b668ce637132e76c66654add743da6eee40e7a8d9dd5957f324181ba368ee3e174c9dc6e2fa54a3ba8da3819a8d9d69752917b5d751e7b86a0a4e2a3b987dc6511f9a8504637ab41d41b8cf1c9ffa96de55ee397cd08b2305d4a9ed92dde6e4496529e0c3a7bc62af259a34edfa8de13958f52988c4a7532abb5575878cd45a934a7ba29c47c993538b381f52c9ab8be25787bc41e412c430d8e6ba6df91b557a6d301a82ce4b7398b64ac3b6357c7de31c39a9a5b78b86fabc49c21d60a536a85d7edfd5a64c6535f04ed78b558d9bbd2e2173c7495a96d8518d09c016f9e2bd215a4571c030cae284172872b2fab55cd466e57936f33486a5838efb9bf743b523d5e48d40923d4a0978af4c661da915c2533c8beee8c67dc1614e293a6c28c31781d04e28f4e3f2e10fb7ad2670252c7daf1ddc99df27a856a13dd8037adbf5bc88a58f849509196b9623b5218ee9a96198120ade183b649afa155dcb1cd6fb449135d4f29ca45705477cba8c718ef8f5889df6d2bbb0dcab26fa78b7fb60b7541ccb6bbfc1b39c0c068840475229b1922498d303e44f79e9d774a359881142f031c86837282c22907153c785ed8ec5d97aa9116ffd9710583f005a027205848dc857bb0b83eacb1daeec070a93e382d2abfb87770a512dd70c96d6d272b24520fe8161296cccf605b855d3111abd2a0f2f085e0489d33bcabc551c50919692d205e2a1890cb989de5ea60c8f20f335bdcb7350e9fc750fa88d7b6ade48657d8b3cfd152296f2664c0b5bd38c210aedf71ed56224c724fd3604c7a846eb87060f841b24191716f282917d3d4d3d9ceb8db25b5ce4a97b4b81c3241255e5b9f7375651ecf4f75377cb1db151911c7231e71228a2f193dcfaadb2f03eab078af5d1118af5017244da890484b4be67c02eb38f6c8e80d093736625de7dea23f12617345f679f5d36ec02f29e4812f8a0b25755cb6d389e3f6cb15c16c9fb878a4706bff8d32819a5bf1f31dd03c06697caac9278711719200f14d166a2414ca8952291cae09e4bdf46bc3b5fc4d8c6f2fc29ee38a4b75ae9a780e1719a1037c3c047b9ed8637535a33720a2af6b88a263535a4669f4f2dc04d2980afa71f351da39a6b575e1fd0cea3b63b7910f739dbe4cdc669679719a79dc72cf1b9181369464073169052be9caa39fa628a6b658bddd44f062ba08b8a59627192ed08f0d73f14f6865e6ad905baeda7be8106560bdba76e7a370e3bd15c7f643394a92fe4fca3bd8e63b59240c00a3b3c55c2a48e054962a13224b6b856fb4b677e0d5b75c76ce5973b5ee679d1f0af7370e362477d7518db516bb2120486f0b0cc2d752b1e581ce5dafb6352df753d916a38e29af6663dbb831cb6f0c2a485db8a81404dacd61049cd3ac510c0f4eaa77c59bde4893d6b504bea48a77f7456ea07dc9b4f8e51b47d3a451da6c6726ba6f8c34765103ba85b85ee5f4e1fb8a5a8f7535b445b262b28a1c98e5c1e2af2d657f116f51db10b83cd2acc78ae9b0504f4600d93f4f8d8f5162b76070d34586caec703016de45190a24236bfa5463ccf6b22731a25ce057508cab3240cfdd6e60889e95dc8aa6950f9ab9b547f7fd20f98fe913a9c858ca8d924257c5175029b508e138a9ae91b8a2035464eded49afc357526c6e6b9938e6da0b5fec96f27b4888d8f7f3e0ad36af7751dfddc2dbc43fcaae97dc9ad45272f04e197a952ab4c7341118e69e05f2de951e961607b762f9a963b9ddd88973172a8f71f2bb58e0de5e080ed06766395dd72c3b419b38a6d3a627a821d4278461f7c0887ab6d25bc83b1af2d97dcf35a541716e0642cf6df2d3c2fc8172b8c05e9f82255f9372d27b4897f3b89dbc348eb8a4bf840db23dfd8b3fdcb59ec647324571389788a2494d4b10f73491844dc23118e1e7b789fda96d2c345a40bb82dc49f94f3ca7849aeee557286d4bf96b1dbe0d8a8149a7834da5a7c25ac8af9a92cfa9516992c637113b45e5b631cd74df3ba3532b7be5badbdb42590f72faac7052559053ecc73d8380b6f11f220863e434d6f8e57504ddb516e99f81b25a2ae3921431e4285e29c231dad241083cc7141f8ac03cd3c0fe53a7303cf3f2315f6c76d1e991b6b39a1383c53dc229d87d4c2c76979e3e146ec7837269aec78a4bc3bf14e626f3b2d88da5a2808c0686d8783d32308228cf6912a21c471cdc6e91fa38dd4d6f69254968a83b1e00ddd4a5d3facadce335d49569bd438052082e73dce9279329ddda7a4ea36aa432467b5ed2e18d259482a6d2d64151e92141c258483dcb0a9391247191c5c437121c55a4d730f063badefba422d48c18ad6d4728fa6c4dc9834f851b265b18514bd22a96a9d9b1816c840dd2adec038a96f55bb009215e0bdcc0bdcaf73338ed867653976ba90b616deeaddbb65f5d691f93ab4247db8f5eefdb497f237252e223c55c5d5b420993eb96ee325f59b7e024fabddc6f968b5f8593752dfe79a379f27d7a28e575447380d7833c0bb5f065be880db5eb2151b6a39149e012dedc3793853c9f531ae777d52cc545ac5a38c5417304bec6dae3689060604866a81a41c879641cd1bd6f91723e269a41c88b536f6b2deab7b7d4f14b22483717b7888dd5e89bf096075e475ae21ee0ba89978944ad8c47d57dbdcf68b38cbc9a4c39cc7169b2420e184d8efee2798ad72032b5bc8de25b2b9618a9acae08c38f536c7b63d4f3c4b2b41252c4b9cafa62f434f146c707b56c09a5b775385265dd97b2b96f6905f391db28dd5d59d38093c98ef96fe75feb86f72ff00735080b9cc5d1923a45941da654323f4e316b768d955dfe258e7854726e626a84a6311c96ab9dca52561dbe8ae87f643624fbe08c03b6a6ede447229f2b3c7e1b6c4392fc9cd497223380d745466baf738dc22b866f2e911fec8a046a8e28d50ec9e5422a0418dd18ea21dc9f7641c2a49c067b601b34d6eecbb1fd49b51b1a3bd49f8a0899db46f0a7bd7509685e4a5b140c87dd3ee032227690f36920f734bae33b858edec8dda2ca0e890443a6c9636a24291b5a43b0475a85940859e841cd3c3711f2b1cc48ee1b251462c705a2590e29ac39e56d4dbf22495a8cee8335eac4bc181e007906d89c5374879e9a3fb648a3419907a63c07b7b65a496d63e238b538a6ca896e22238f50b28e4c96ec328fb02f1342240bbc5bc1bb647e903f75496a3197ebc294b710cd8dbe88b1ed483a7c91894e6367c0cb3191f85fbc29a198f3513b276d06cf34523563209b568e35da9f5b72788b5b2ad8782fa36ee3ea229788e699a05a96fee0e452eb376bed6fe437750ea26e07727aa43c07988cb431cc473716729f6c569700772d9c8386116c38377bfdb6d6dea63f718e50734836e776d2e7357714adc08ad5509674688fb55c8e69ae49e6ad3a0f2132422d227dd5d659772c91e98b7299b68b4f9adab2abccbd5814610c2a0e68450cb50d9b27f5acd382452cccc712971e1d8baf36e9d67f7cd6b1e7bec638633d9770c6c0b57a18e51cb69f1270134b86518a3a5caa309e8e65ee31b8036b985146e8de5993d925dbb6415b99fe20ef39610c628a80321f7b1a92471db422ddc3189f1423899b064843ad258db30a8f4f8cf882de53c059268bdc92339c1102b79364ade5ec851b2a36bb69e1515e9d08ef7d3c1f647132f0c996a312f92563a0f111c47d171c1403d8e7f26842c87b5a3523bb84f6bdedba9c480c4fca03fa9232d4f6973f8c76d783dea48fec921b67e58e9b0b72a74c514d630e7022b40065e64814f23d37c5bcd14a76c6640ac14c9b47715b456c942dd13c36a120f6477f72f59ba63df125d6de1629d57ee4b292fb28e9d2494741e8f7a47ba1152497128a1eb00df126a53a1059b520f4baab4781475841c9d255356def04ba6bc4331c93819abbd4180c1b7d46ddc60e6c25731d7d2e1f25acad55788618d57bc58ab785b086ba5b076c624635710f5b89238218f96964b6cf6bbaf1d37bb61c50bc8dce2b2bf3165c8da4315daeda45ab1dd52e8b0487352e9bb576ac96c80728907952516bd489785f4248e4d9c6bda6ddc4795528a8728da8cbb30c5faddc34d75b79434835a863e50eab6ecb96b896c6e1306d74db0824ea89cc19ec931bf6d4dd45398fd64cbee4bd999378fa94a79a9f527cf1757972e7156fa83280b275d00ec4bae69af46402640e7868d0f96b78d3d82d5fca7a26ce57d09f756f04ed69ade34e69218653dfcc2d867d521b7551537f232fe23fe46848de6f6d8005638adae9728da4a1e08d1f61ed4b690b6d2f6d3c6a690cc8335eb0f891941f69b791470b0beedcfe955c55c5b74f8a97d3eeda52387d946d214f7416903f280da93b1a38a21c0bd9ed6df833cef2365212b2ae1eeeca15e4a6ad25b9c436daf2eddc63d5a320b04d56261c3dded5e24b838da12ee41dad1ea08dc3fabe292f10f86be5ce0f56397d8701a92e6056dae2facc13b7d42baf6183a3dcf25ed9a0a9b538a271b05d46ca496861755928dc91ef93526e450bf4ce646e8cd828d68c384e9491e370bf23b1bd7c2b46fe1afab40a2975c815f8375d6ee8f64847261bb3c2496da8e6addaed7b245857009973b70dc7c5bee8ea6791d7ed31bc1c1b696e97df24c7c30b53eeae915182903fe1d66070d25d1f992ff0069a5b9694fdb37a54ec92197754d1e7d914a64c02b671a12595124e525057cc7a846a7986fe39795eaa9a678d7cc6777b6490af87bb0a38faba8eda5d4f3e7d4a9a1b58669d92bd6db7b5e4f4d37f51b7981fb482e826d69448396492e93fae3093ff74961b871f4d910d188a72fd4206552466f73777bcdd6d5c2ba4172df7b65adbe6bd4da39daa2787380e588cc71a460f30b45f94896f912518431db249f63c5d5c803142e65923caab9552cd15f31cf567bf597fa0cb7be1e7b0170370f470c031209a0dbf6a69924ed58a6dab868a680f0f05aaf2c36aeddf19d4a3cf4c19549ef92088427a7a5eab2e991b436f67fcc2440239f52d4cdf615c43b794f4f2bb765c69f26dfbd142b2a18e3b7b592cfba1875112764925c71d90759fdcf193e67b765e608e6b88f8964b80de05cc03876bfb7076a8b90de62d4a187c9bf12f10fa9b88ce2a2ba77e5d2fd01db5348ec2a7dfb7edd9eab1c83071f946dbdf8a92ca53518dbdacf105e68cce9c50b880b6d3188d8e0ca204f77a8b70372472c12f01ee0a1daf2ea689ed1ac44465e1d4e09495244239a9ada3946e5163191c944438567897b5c2c5f0230d51dbe3902092ba52019a4eb9f735b9237574f34a84e054d6cca2a0925452d217773923acca52516f246498dae00ff00f22d2e6de53b69e061ed92146fec92c573f6e181d7b296378cf121978db25d5c1f12b5c16dcc97f74a855acf57461b2e81b697959678e153b63d45dc719122d664038905d4de7e95386ea5496b27c8d3660b9a8e000d343101db3bcb1d2babafdd3e9c0efcc319e3a56ee76b49a6db2f34b144388f6946e66da5b25a28df8a92d9c1cada165386376109261d4849c07933ec8aea38f8aeb2b70975322734352c7205f5bb8fb9eaacb3805ac66afa42b9edfa62272d32e394b78d613bd22bbddc33c68464a5bc51d49281ca473305c57a6121cd10b19c34e6123a6b0e9706dee96d2d53b28db4aa3ec9b69bdd56f773c231435a5ce1e3ba475af550a9e5a751cc69ac4318fbcbaac04653d796381ebfaa4d2cc657ed42f6ef515f479c37a8818e2a364db8a3ff00f18900cb35a34b92fe9cc636af40e3bcda5cb0ca7d1a56fec6436de2e24567c14377190634bb60d99268a09d8161a6c64e11b4819ee8e2783c75a37e09b266f0d6971136e8fa97c396ff0090def48771e6486343c9b281fd8da4d49a3163c1d1ca9e3e9728ee10fab5181e999b96f481fde6cd7e1171ee302b535a4429e309fd70dd4e0e2b32b731c91ce4771b0137b9b4b8d7c2da4918ec30dc81c2bcd11ef8ef62cee9bd4061952173ba9eff00a7ee82eed5cef8b78ce4cb24213967b7b8ec71a3ec5c84b210779dcee4aab58197cbe8d3a72b1da4c3dcb69b4e5db4f47a4d31569ed32bc4d632b8db5f48e6a4b2908cd476d345ed962987931f53dcd640701ec9c1edb33291897aed1822a0b54b83bd2e6c669861d23b9b75c1174fb76b5abc520e212df13cac057d, 1);

-- --------------------------------------------------------

--
-- Table structure for table `sighting_report`
--

CREATE TABLE `sighting_report` (
  `id` int(10) UNSIGNED NOT NULL,
  `day` date NOT NULL,
  `hour` time NOT NULL,
  `sea_state` enum('0','1','2','3','4','5','6','7','8','9','10','11','12') DEFAULT NULL,
  `latitude` decimal(10,8) NOT NULL,
  `longitude` decimal(11,8) NOT NULL,
  `trust_level` enum('Low','Middle','High') NOT NULL,
  `comment` varchar(500) DEFAULT NULL,
  `person_id` int(10) UNSIGNED NOT NULL,
  `boat_id` int(10) UNSIGNED NOT NULL
) ENGINE=InnoDB DEFAULT CHARSET=utf8;

--
-- Dumping data for table `sighting_report`
--

INSERT INTO `sighting_report` (`id`, `day`, `hour`, `sea_state`, `latitude`, `longitude`, `trust_level`, `comment`, `person_id`, `boat_id`) VALUES
(1, '2021-08-01', '13:39:03', '1', '32.61873000', '-16.93879000', 'Middle', NULL, 5, 1),
(2, '2021-08-01', '14:44:03', '1', '32.65501000', '-16.79379000', 'High', NULL, 6, 2),
(3, '2021-08-02', '11:05:00', '2', '32.64614000', '-16.98809000', 'High', NULL, 7, 4),
(4, '2021-08-02', '15:05:00', '1', '32.65153000', '-17.00697000', 'High', NULL, 5, 1),
(5, '2021-08-03', '10:15:00', '0', '32.66398000', '-16.74712000', 'Low', NULL, 6, 5);

-- --------------------------------------------------------

--
-- Table structure for table `sighting_report_has_zone`
--

CREATE TABLE `sighting_report_has_zone` (
  `sighting_report_id` int(10) UNSIGNED NOT NULL,
  `zone_id` int(10) UNSIGNED NOT NULL
) ENGINE=InnoDB DEFAULT CHARSET=utf8;

--
-- Dumping data for table `sighting_report_has_zone`
--

INSERT INTO `sighting_report_has_zone` (`sighting_report_id`, `zone_id`) VALUES
(1, 2),
(1, 4),
(2, 4),
(2, 6),
(3, 3),
(3, 4),
(4, 2),
(4, 4),
(5, 4),
(5, 6);

-- --------------------------------------------------------

--
-- Table structure for table `specie`
--

CREATE TABLE `specie` (
  `id` int(10) UNSIGNED NOT NULL,
  `name` varchar(100) NOT NULL,
  `animal_type_id` int(10) UNSIGNED NOT NULL
) ENGINE=InnoDB DEFAULT CHARSET=utf8;

--
-- Dumping data for table `specie`
--

INSERT INTO `specie` (`id`, `name`, `animal_type_id`) VALUES
(1, 'Blue whale\r\n', 2),
(2, 'Fin whale\r\n', 2),
(3, 'North Atlantic \r\nRight Whale\r\n', 2),
(5, 'Sei whale\r\n', 2),
(6, 'Minke whale\r\n', 2),
(7, 'Bryde\'s whale\r\n', 2),
(8, 'Humpback whale\r\n', 2),
(9, 'Sperm whale\r\n', 2),
(10, 'Northern bottlenose whale\r\n', 2),
(11, 'Cuvier\'s beaked whale\r\n', 2),
(12, 'Sowerby\'s beaked whale\r\n', 2),
(13, 'Blainville\'s beaked whale\r\n', 2),
(14, 'Gervais\' beaked whale\r\n', 2),
(15, 'True\'s beaked whale\r\n', 2),
(16, 'Killer whale/Orca\r\n', 2),
(17, 'Short-finned pilot whale\r\n', 2),
(18, 'Long-finned pilot whale\r\n', 2),
(19, 'False killer whale\r\n', 2),
(20, 'Risso\'s dolphin\r\n', 1),
(21, 'Bottlenose dolphin\r\n', 1),
(22, 'Rough toothed dolphin\r\n', 1),
(23, 'Atlantic spotted dolphin\r\n', 1),
(25, 'Striped dolphin\r\n', 1),
(26, 'Common dolphin\r\n', 1),
(27, 'Fraser\'s dolphin\r\n', 1),
(28, 'Melon-headed whale\r\n', 2),
(29, 'Pigmy killer whale\r\n', 2),
(30, 'Harbour porpoise\r\n', 3);

-- --------------------------------------------------------

--
-- Table structure for table `zone`
--

CREATE TABLE `zone` (
  `id` int(10) UNSIGNED NOT NULL,
  `name` varchar(50) NOT NULL
) ENGINE=InnoDB DEFAULT CHARSET=utf8;

--
-- Dumping data for table `zone`
--

INSERT INTO `zone` (`id`, `name`) VALUES
(1, 'Desertas Islands'),
(2, 'Cabo Girão'),
(3, 'Câmara de Lobos'),
(4, 'Funchal'),
(5, 'Ribeira Brava'),
(6, 'Santa Cruz'),
(7, 'Machico'),
(8, 'Porto Santo Island'),
(9, 'Ponta do Sol'),
(10, 'Calheta'),
(11, 'Santana'),
(12, 'São Vicente'),
(13, 'Porto Moniz');

--
-- Indexes for dumped tables
--

--
-- Indexes for table `animal`
--
ALTER TABLE `animal`
  ADD PRIMARY KEY (`id`),
  ADD KEY `fk_animal_sighting_report1_idx` (`sighting_report_id`),
  ADD KEY `fk_animal_specie1_idx` (`specie_id`);

--
-- Indexes for table `animal_behavior`
--
ALTER TABLE `animal_behavior`
  ADD PRIMARY KEY (`id`),
  ADD KEY `fk_animal_behavior_animal1_idx` (`animal_id`);

--
-- Indexes for table `animal_reaction_to_vessel`
--
ALTER TABLE `animal_reaction_to_vessel`
  ADD PRIMARY KEY (`id`),
  ADD KEY `fk_animal_reaction_to_vessel_animal1_idx` (`animal_id`);

--
-- Indexes for table `animal_type`
--
ALTER TABLE `animal_type`
  ADD PRIMARY KEY (`id`);

--
-- Indexes for table `boat`
--
ALTER TABLE `boat`
  ADD PRIMARY KEY (`id`);

--
-- Indexes for table `person`
--
ALTER TABLE `person`
  ADD PRIMARY KEY (`id`);

--
-- Indexes for table `photo`
--
ALTER TABLE `photo`
  ADD PRIMARY KEY (`id`),
  ADD KEY `fk_photo_sighting_report1_idx` (`sighting_report_id`);

--
-- Indexes for table `sighting_report`
--
ALTER TABLE `sighting_report`
  ADD PRIMARY KEY (`id`),
  ADD KEY `fk_sighting_report_person_idx` (`person_id`),
  ADD KEY `fk_sighting_report_boat1_idx` (`boat_id`);

--
-- Indexes for table `sighting_report_has_zone`
--
ALTER TABLE `sighting_report_has_zone`
  ADD PRIMARY KEY (`sighting_report_id`,`zone_id`),
  ADD KEY `fk_sighting_report_has_zone_zone1_idx` (`zone_id`),
  ADD KEY `fk_sighting_report_has_zone_sighting_report1_idx` (`sighting_report_id`);

--
-- Indexes for table `specie`
--
ALTER TABLE `specie`
  ADD PRIMARY KEY (`id`),
  ADD KEY `fk_specie_animal_type1_idx` (`animal_type_id`);

--
-- Indexes for table `zone`
--
ALTER TABLE `zone`
  ADD PRIMARY KEY (`id`);

--
-- AUTO_INCREMENT for dumped tables
--

--
-- AUTO_INCREMENT for table `animal`
--
ALTER TABLE `animal`
  MODIFY `id` int(10) UNSIGNED NOT NULL AUTO_INCREMENT, AUTO_INCREMENT=8;

--
-- AUTO_INCREMENT for table `animal_behavior`
--
ALTER TABLE `animal_behavior`
  MODIFY `id` int(10) UNSIGNED NOT NULL AUTO_INCREMENT, AUTO_INCREMENT=11;

--
-- AUTO_INCREMENT for table `animal_reaction_to_vessel`
--
ALTER TABLE `animal_reaction_to_vessel`
  MODIFY `id` int(10) UNSIGNED NOT NULL AUTO_INCREMENT, AUTO_INCREMENT=9;

--
-- AUTO_INCREMENT for table `animal_type`
--
ALTER TABLE `animal_type`
  MODIFY `id` int(10) UNSIGNED NOT NULL AUTO_INCREMENT, AUTO_INCREMENT=16;

--
-- AUTO_INCREMENT for table `boat`
--
ALTER TABLE `boat`
  MODIFY `id` int(10) UNSIGNED NOT NULL AUTO_INCREMENT, AUTO_INCREMENT=6;

--
-- AUTO_INCREMENT for table `person`
--
ALTER TABLE `person`
  MODIFY `id` int(10) UNSIGNED NOT NULL AUTO_INCREMENT, AUTO_INCREMENT=8;

--
-- AUTO_INCREMENT for table `photo`
--
ALTER TABLE `photo`
  MODIFY `id` int(10) UNSIGNED NOT NULL AUTO_INCREMENT, AUTO_INCREMENT=4;

--
-- AUTO_INCREMENT for table `sighting_report`
--
ALTER TABLE `sighting_report`
  MODIFY `id` int(10) UNSIGNED NOT NULL AUTO_INCREMENT, AUTO_INCREMENT=6;

--
-- AUTO_INCREMENT for table `specie`
--
ALTER TABLE `specie`
  MODIFY `id` int(10) UNSIGNED NOT NULL AUTO_INCREMENT, AUTO_INCREMENT=31;

--
-- AUTO_INCREMENT for table `zone`
--
ALTER TABLE `zone`
  MODIFY `id` int(10) UNSIGNED NOT NULL AUTO_INCREMENT, AUTO_INCREMENT=14;

--
-- Constraints for dumped tables
--

--
-- Constraints for table `animal`
--
ALTER TABLE `animal`
  ADD CONSTRAINT `fk_animal_sighting_report1` FOREIGN KEY (`sighting_report_id`) REFERENCES `sighting_report` (`id`) ON DELETE NO ACTION ON UPDATE NO ACTION,
  ADD CONSTRAINT `fk_animal_specie1` FOREIGN KEY (`specie_id`) REFERENCES `specie` (`id`) ON DELETE NO ACTION ON UPDATE NO ACTION;

--
-- Constraints for table `animal_behavior`
--
ALTER TABLE `animal_behavior`
  ADD CONSTRAINT `fk_animal_behavior_animal1` FOREIGN KEY (`animal_id`) REFERENCES `animal` (`id`) ON DELETE NO ACTION ON UPDATE NO ACTION;

--
-- Constraints for table `animal_reaction_to_vessel`
--
ALTER TABLE `animal_reaction_to_vessel`
  ADD CONSTRAINT `fk_animal_reaction_to_vessel_animal1` FOREIGN KEY (`animal_id`) REFERENCES `animal` (`id`) ON DELETE NO ACTION ON UPDATE NO ACTION;

--
-- Constraints for table `photo`
--
ALTER TABLE `photo`
  ADD CONSTRAINT `fk_photo_sighting_report1` FOREIGN KEY (`sighting_report_id`) REFERENCES `sighting_report` (`id`) ON DELETE NO ACTION ON UPDATE NO ACTION;

--
-- Constraints for table `sighting_report`
--
ALTER TABLE `sighting_report`
  ADD CONSTRAINT `fk_sighting_report_boat1` FOREIGN KEY (`boat_id`) REFERENCES `boat` (`id`) ON DELETE NO ACTION ON UPDATE NO ACTION,
  ADD CONSTRAINT `fk_sighting_report_person` FOREIGN KEY (`person_id`) REFERENCES `person` (`id`) ON DELETE NO ACTION ON UPDATE NO ACTION;

--
-- Constraints for table `sighting_report_has_zone`
--
ALTER TABLE `sighting_report_has_zone`
  ADD CONSTRAINT `fk_sighting_report_has_zone_sighting_report1` FOREIGN KEY (`sighting_report_id`) REFERENCES `sighting_report` (`id`) ON DELETE NO ACTION ON UPDATE NO ACTION,
  ADD CONSTRAINT `fk_sighting_report_has_zone_zone1` FOREIGN KEY (`zone_id`) REFERENCES `zone` (`id`) ON DELETE NO ACTION ON UPDATE NO ACTION;

--
-- Constraints for table `specie`
--
ALTER TABLE `specie`
  ADD CONSTRAINT `fk_specie_animal_type1` FOREIGN KEY (`animal_type_id`) REFERENCES `animal_type` (`id`) ON DELETE NO ACTION ON UPDATE NO ACTION;
COMMIT;

/*!40101 SET CHARACTER_SET_CLIENT=@OLD_CHARACTER_SET_CLIENT */;
/*!40101 SET CHARACTER_SET_RESULTS=@OLD_CHARACTER_SET_RESULTS */;
/*!40101 SET COLLATION_CONNECTION=@OLD_COLLATION_CONNECTION */;
